order_id,bike_id,identity,source,origin_lon,origin_lat,destination_lon,destination_lat,origin_time,destination_time,distance_m,riding_time_s,is_workday,origin_id,destination_id,semantics_origin,semantics_dest,semantics_id_origin,semantics_id_dest,category_origin,category_dest,category_id_origin,category_id_dest,origin_hour,destination_hour,flow_num,x_origin,y_origin,x_dest,y_dest,flow_length,cluster_id
2411021101984,2409092233234,3b124e99-23cb-4b61-b495-e7658bacc951,mangguo,114.34914245047858,30.54186447100357,114.3559336744809,30.545366053113348,2024-11-02 03:01:28,2024-11-02 03:06:56,758.5196417541507,328.0,非工作日,24.0,1002.0,茶港门,工学部第4教学楼,424.0,120.0,交通枢纽,教学区域,0.0,6.0,3,3,1,245687.12480455253,3381821.7207561545,246347.9851961778,3382194.643257965,758.8199058904506,-1
2411021106129,2408241544072,afacbae7-48e4-456d-90d7-22321864702c,mangguo,114.35283388535105,30.52931483740155,114.35774255569464,30.53944046543092,2024-11-02 03:06:31,2024-11-02 03:22:39,1217.3741862196007,968.0,非工作日,176.0,934.0,南二门,落英湖,60.0,425.0,交通枢纽,水域,0.0,9.0,3,3,1,246008.70340230502,3380421.9531937274,246506.16785089127,3381533.5727901338,1217.8542625133123,-1
2411021116410,2408282043088,b5202a83-f010-49ca-8ec3-129920078cf2,mangguo,114.3518487608981,30.54270975495343,114.36065365404956,30.54735970471237,2024-11-02 03:16:37,2024-11-02 03:22:39,989.7211297183204,362.0,非工作日,820.0,1236.0,武汉大学工学部集贸市场,尖端科技楼,313.0,88.0,食堂,教学区域,10.0,6.0,3,3,1,245949.05052684664,3381909.3339384953,246806.1197618872,3382405.0672275275,990.1106844730842,-1
259970971272748305,100605508,3f8b72bb-8cd5-440f-8eba-de349b82fc21,zhiyin,114.35230258934251,30.53042418951272,114.36091041609733,30.54410504729104,2024-11-02 03:20:17,2024-11-02 03:34:34,2478.0,857.0,非工作日,184.0,1114.0,武汉大学信息部学生宿舍15、16舍,工学部6舍,245.0,106.0,学生宿舍,学生宿舍,4.0,4.0,3,3,1,245960.59816669577,3380546.150142991,246822.30606443612,3382043.6311328216,1727.7123070500038,-1
259971020650190397,100605067,fe69e02f-7fa5-4c1b-ab2f-7696ebc1d34f,zhiyin,114.35231856450126,30.53047514788822,114.36664037615007,30.54032506327241,2024-11-02 03:20:40,2024-11-02 03:38:15,2461.0,1055.0,非工作日,184.0,865.0,武汉大学信息部学生宿舍15、16舍,武汉大学枫园学生十一舍,245.0,320.0,学生宿舍,学生宿舍,4.0,4.0,3,3,1,245962.2642003144,3380551.7641206803,247362.39559508898,3381611.6610387797,1756.0607619413177,-1
2411021124648,2408241144920,4d92a287-55c0-4aa3-80aa-0aba31c091c0,mangguo,114.35550123586218,30.53535816795135,114.3515807285496,30.54290972607032,2024-11-02 03:24:45,2024-11-02 03:31:18,917.8252535570616,393.0,非工作日,548.0,820.0,测试中心,武汉大学工学部集贸市场,360.0,313.0,其他,食堂,6.0,10.0,3,3,1,246280.44264282798,3381085.995476413,245923.8490599114,3381932.1103573074,918.1880935015929,-1
2411021128748,2408282048524,dd2a7383-85f3-4d5d-8a1f-fcd27749c623,mangguo,114.36001290442452,30.533082764870464,114.359134766313,30.538543652945304,2024-11-02 03:28:07,2024-11-02 03:32:27,611.2391943810915,260.0,非工作日,340.0,693.0,武汉市洪山区珞珈街办事处,武汉大学梅园四、五舍,347.0,328.0,山体,学生宿舍,5.0,4.0,3,3,1,246707.54230606597,3380823.558615342,246637.4498871974,3381431.0067152153,611.4786514856954,-1
259972214655813996,100606130,02ff725b-34c0-4b19-b47c-aceb0154607a,zhiyin,114.36441589220956,30.54531908140773,114.35869576537308,30.54425205871854,2024-11-02 03:29:56,2024-11-02 03:35:25,975.0,329.0,非工作日,1190.0,1097.0,湖滨十一、十二舍,工学部5舍,369.0,104.0,学生宿舍,学生宿舍,4.0,4.0,3,3,1,247161.86400556963,3382170.3613613695,246610.15525877164,3382064.911635996,561.6958125843413,-1
2411021133969,2409092233282,7e8f0732-e5cf-452c-90e6-23f90dd26cb9,mangguo,114.35324693753164,30.529983886165383,114.36350848263652,30.53468928747182,2024-11-02 03:33:46,2024-11-02 03:51:58,1114.4015492093124,1092.0,非工作日,182.0,465.0,信息学部6舍,武汉大学北三区13栋,38.0,260.0,学生宿舍,教工宿舍,4.0,7.0,3,3,1,246050.09081294973,3380495.202726476,247047.20664309643,3380993.82682399,1114.8389880833802,-1
259972764420021105,100605283,d9c13987-c9c1-4695-94de-9602d48209f2,zhiyin,114.35937957258425,30.53792621405044,114.355123626776,30.54718228077965,2024-11-02 03:34:13,2024-11-02 03:42:10,1736.0,477.0,非工作日,687.0,1257.0,梅园食堂,工程结构试验中心,169.0,122.0,食堂,教学区域,10.0,6.0,3,3,1,246659.34022806038,3381361.9978341255,246274.97621637236,3382397.8420012016,1104.8569282700728,-1
2411021135016,2408241144920,4d92a287-55c0-4aa3-80aa-0aba31c091c0,mangguo,114.35157972842968,30.54290972596156,114.35557024541222,30.53527717638756,2024-11-02 03:35:12,2024-11-02 03:41:10,928.7721789239788,358.0,非工作日,820.0,322.0,武汉大学工学部集贸市场,测试中心,313.0,360.0,食堂,其他,10.0,6.0,3,3,1,245923.75307982738,3381932.1126014497,246286.8551499766,3381076.8601371567,929.1393281020628,-1
2411021136065,2408241144027,97eeee60-4bdd-4e2a-a51c-4b1a93f68c11,mangguo,114.3550921791462,30.53855112394737,114.35375015898174,30.530037823995613,2024-11-02 03:36:42,2024-11-02 03:42:24,952.5435693637048,342.0,非工作日,609.0,243.0,文理学部教5楼,信息学部6舍,135.0,38.0,教学区域,学生宿舍,6.0,4.0,3,3,1,246249.4925768443,3381440.9349828693,246098.5309064032,3380500.0489425277,952.9197064034361,-1
259973406508192644,100605041,d1a05f17-2711-4cde-875e-e3f605e71716,zhiyin,114.36010230076408,30.54364330400449,114.35202485635176,30.542897511530448,2024-11-02 03:39:11,2024-11-02 03:43:48,921.0,277.0,非工作日,1090.0,831.0,工学部15舍,武汉大学工学部集贸市场,96.0,313.0,学生宿舍,食堂,4.0,10.0,3,3,1,246743.5542281756,3381994.2524612066,245966.43941276646,3381929.754234478,779.7868026451531,-1
2411021151617,2408282046331,7bcb30d8-7b5a-47a9-a6b2-9b1e3a9013f9,mangguo,114.35369199248144,30.541077960964746,114.35597175575516,30.54510200414486,2024-11-02 03:51:00,2024-11-02 03:55:48,496.86129938428303,288.0,非工作日,802.0,1001.0,桂园餐厅,工学部第4教学楼,166.0,120.0,食堂,教学区域,10.0,6.0,3,3,1,246121.69311106025,3381724.252701702,246350.95258747606,3382165.2811099575,497.05730496067474,-1
2411021152663,2409092233282,7e8f0732-e5cf-452c-90e6-23f90dd26cb9,mangguo,114.36350748246365,30.53468928731682,114.3532489380648,30.5286558836297,2024-11-02 03:52:06,2024-11-02 04:06:19,1190.2143593750543,853.0,非工作日,465.0,172.0,武汉大学北三区13栋,信息学部学生宿舍7舍,260.0,42.0,教工宿舍,学生宿舍,7.0,4.0,3,4,1,247047.11065015086,3380993.82905258,246046.82518166373,3380347.9563233135,1190.6815698904159,-1
2411021157871,2408282047432,4cbe6df6-36b5-47ba-b314-cd0ce32dc4b7,mangguo,114.35550023730332,30.52751015149862,114.35402675529656,30.530035026246058,2024-11-02 03:57:39,2024-11-02 04:00:07,313.6037873128844,148.0,非工作日,44.0,243.0,南门,信息学部6舍,67.0,38.0,交通枢纽,学生宿舍,0.0,4.0,3,4,1,246259.92951383532,3380215.851735271,246125.0715875833,3380499.115461376,313.72758692832565,-1
259975923359028581,100605122,e59d5c0f-cdf4-45ae-99d3-12ebc7ce0553,zhiyin,114.35224165706488,30.53054024781133,114.36856740811928,30.53976812728584,2024-11-02 03:58:44,2024-11-02 04:16:36,2532.0,1072.0,非工作日,184.0,140.0,武汉大学信息部学生宿舍15、16舍,武汉大学国际教育学院,245.0,304.0,学生宿舍,教学区域,4.0,6.0,3,4,1,245955.0521513829,3380559.155469689,247545.89120561894,3381545.5905485833,1871.850170648212,-1
2411021159937,2409092233049,759bac7b-9676-4452-8487-1968c92fe5eb,mangguo,114.3622532692162,30.533166092645114,114.35224981262188,30.52978577257968,2024-11-02 03:59:27,2024-11-02 04:06:56,1030.5619826869847,449.0,非工作日,334.0,178.0,武汉大学南三区5栋,南二门,296.0,60.0,教工宿舍,交通枢纽,7.0,0.0,3,4,1,246922.7834393673,3380827.7626561862,245953.86974884107,3380475.4848175994,1030.9672231688992,-1
259976082277015136,100605794,46a964de-f83f-4f79-90d9-8caeb5358ddb,zhiyin,114.35225362118813,30.530776152543453,114.36849896656312,30.53933426187867,2024-11-02 03:59:58,2024-11-02 04:13:03,2441.0,785.0,非工作日,184.0,137.0,武汉大学信息部学生宿舍15、16舍,枫园学生7舍,245.0,155.0,学生宿舍,学生宿舍,4.0,4.0,3,4,1,245956.81494119784,3380585.2843756108,247538.19937052164,3381497.639474874,1825.6967274055207,-1
260154104370694568,100605756,4b67d118-2f72-44f0-b3fd-ecf5794b1c11,zhiyin,114.35198989688496,30.542947549931498,114.35901233764744,30.54517730015962,2024-11-03 03:01:36,2024-11-03 03:06:13,831.0,277.0,非工作日,820.0,1102.0,武汉大学工学部集贸市场,工学部2舍,313.0,100.0,食堂,学生宿舍,10.0,4.0,3,3,1,245963.2148095404,3381935.3810927807,246642.94049249735,3382166.785253495,718.0354376123496,-1
260154220339531279,100605681,4ae4c417-2ee9-4e59-8d26-c9d57f528547,zhiyin,114.3519127514722,30.5342925445096,114.36502045628664,30.54403976551217,2024-11-03 03:02:29,2024-11-03 03:10:45,1816.0,496.0,非工作日,415.0,1182.0,牌坊,湖滨食堂,378.0,376.0,交通枢纽,食堂,0.0,10.0,3,3,1,245933.25912125458,3380975.9323174264,247216.563707188,3382027.1608402235,1658.9008612391399,-1
2411031102727,2409092233288,6b64cba3-ff56-4cd6-9782-e70a07546384,mangguo,114.35117368031317,30.542087680453577,114.35652734464044,30.53718342284256,2024-11-03 03:02:32,2024-11-03 03:14:58,748.0168266711912,746.0,非工作日,796.0,592.0,茶港区101栋,珞珈广场,406.0,387.0,教工宿舍,文娱场地,7.0,8.0,3,3,1,245882.64249852468,3381841.8844122244,246383.6714129484,3381286.059383594,748.3123916791953,-1
260154374951538011,100606326,91941e4a-3064-465a-9de4-8c06e1e7afd6,zhiyin,114.35331638651098,30.540980133758737,114.35906122565484,30.54584900402553,2024-11-03 03:03:42,2024-11-03 03:12:48,1522.0,546.0,非工作日,802.0,1128.0,桂园餐厅,工学部8舍,166.0,107.0,食堂,学生宿舍,10.0,4.0,3,3,1,246085.39140697542,3381714.252817094,246649.37793458317,3382241.150218556,771.8171253546903,-1
260154389989695706,100605217,66c05a5e-fab9-4a94-acbd-59cce196f228,zhiyin,114.35111416074666,30.530006209949747,114.35923666395296,30.538650173509385,2024-11-03 03:03:49,2024-11-03 03:14:06,2024.0,617.0,非工作日,199.0,693.0,武汉大学信息学部西区B4教学楼,武汉大学梅园四、五舍,237.0,328.0,教学区域,学生宿舍,6.0,4.0,3,3,1,245845.44289589886,3380502.4869712153,246647.50602815673,3381442.5879444573,1235.756896811744,-1
260154398586963781,100605752,60306106-9251-4e08-8fdb-4e8432a2f1e6,zhiyin,114.35197192024498,30.54294457933685,114.35976237483044,30.546929660237605,2024-11-03 03:03:52,2024-11-03 03:09:55,1192.0,363.0,非工作日,820.0,1225.0,武汉大学工学部集贸市场,工学部12舍,313.0,95.0,食堂,学生宿舍,10.0,4.0,3,3,1,245961.48188181175,3381935.092276161,246719.47190855662,3382359.3904591333,868.6643936056271,-1
260154493064709956,100605808,4167eaef-08b5-496c-96c7-f7e97afb6a77,zhiyin,114.36691119346712,30.53983191010307,114.3593745719576,30.53799519817094,2024-11-03 03:04:36,2024-11-03 03:15:45,898.0,669.0,非工作日,847.0,687.0,枫园学生4舍,梅园食堂,152.0,169.0,学生宿舍,食堂,4.0,10.0,3,3,1,247387.1082472798,3381556.3756458345,246659.039542658,3381369.657664681,751.6299908437437,-1
260154707819373109,100605631,428d2c6a-4210-4bf3-bc70-5b1421b2c530,zhiyin,114.36068365624328,30.54404437484506,114.35974262285518,30.53288636645136,2024-11-03 03:06:16,2024-11-03 03:18:27,2050.0,731.0,非工作日,1114.0,346.0,工学部6舍,东中区24栋,106.0,15.0,学生宿舍,教工宿舍,4.0,7.0,3,3,1,246800.3870610295,3382037.413881898,246681.09116084198,3380802.390749386,1240.771392981401,-1
260154716408257357,100606364,588ea6d0-8f1b-4b2e-95b3-20ad9f693a66,zhiyin,114.3519858987926,30.542984543811148,114.36079653277534,30.54411719723533,2024-11-03 03:06:21,2024-11-03 03:10:54,915.0,273.0,非工作日,820.0,1114.0,武汉大学工学部集贸市场,工学部6舍,313.0,106.0,食堂,学生宿舍,10.0,4.0,3,3,1,245962.92752366225,3381939.4918052317,246811.40860814368,3382045.234269597,855.0448055469767,-1
260154778677413655,100605821,f1d821ff-1094-41f4-b25b-4d006f6d6257,zhiyin,114.35896169121004,30.541763520739163,114.36396639432606,30.544326980341808,2024-11-03 03:06:50,2024-11-03 03:11:05,798.0,255.0,非工作日,1063.0,1181.0,樱顶学生宿舍,湖滨学生16舍,173.0,372.0,学生宿舍,学生宿舍,4.0,4.0,3,3,1,246629.20740791902,3381788.3975948873,247116.1539665019,3382061.371942213,558.2400426460864,-1
260155066440747656,100606431,5fc19f91-08e1-4721-b52f-c8b977c25631,zhiyin,114.3492456240661,30.54167939412532,114.3533351064941,30.54391911815917,2024-11-03 03:09:03,2024-11-03 03:12:51,550.0,228.0,非工作日,812.0,1138.0,茶港门,未知,424.0,-1.0,交通枢纽,其他,0.0,2.0,3,3,1,245696.54352983562,3381800.9673902523,246094.84276763292,3382040.0701605054,464.5561511514065,-1
260155092210557621,100606459,8c9e5774-6b43-4e8f-94d8-ba0c39154816,zhiyin,114.3534469563059,30.5440389046658,114.35925910302164,30.544792084774382,2024-11-03 03:09:16,2024-11-03 03:13:57,855.0,281.0,非工作日,1138.0,1099.0,未知,工学部2舍,-1.0,100.0,其他,学生宿舍,2.0,4.0,3,3,1,246105.888677722,3382053.099319812,246665.62037574843,3382123.519512254,564.1441103823747,-1
260155315561960109,100606350,c9c118d1-2d1e-45e4-bcde-bf647b3ab7e3,zhiyin,114.3583465914028,30.539216240615588,114.36882668031905,30.53974076254179,2024-11-03 03:10:59,2024-11-03 03:18:11,1195.0,432.0,非工作日,718.0,140.0,武汉大学梅园一舍,武汉大学国际教育学院,324.0,304.0,学生宿舍,教学区域,4.0,6.0,3,3,1,246563.5551987432,3381507.3527122773,247570.70290290474,3381541.9754302953,1007.7426410551424,-1
260155354205134326,100605872,364a7de4-95c7-4dad-ba42-38853e635ec0,zhiyin,114.35945147224876,30.53818702746948,114.36597198194896,30.53989799944816,2024-11-03 03:11:17,2024-11-03 03:15:46,680.0,269.0,非工作日,691.0,840.0,武汉大学总务后勤部,枫园一舍,314.0,149.0,其他,学生宿舍,2.0,4.0,3,3,1,246666.9182939036,3381390.75370222,247297.14269276412,3381565.810006264,654.0852410081279,-1
260155356359959502,100605363,74569b9a-710c-45bf-9738-1844fa4d2bac,zhiyin,114.35945247256832,30.538171031379143,114.36588105647324,30.53994409317397,2024-11-03 03:11:18,2024-11-03 03:16:03,672.0,285.0,非工作日,691.0,840.0,武汉大学总务后勤部,枫园一舍,314.0,149.0,其他,学生宿舍,2.0,4.0,3,3,1,246666.97273603882,3381388.9778930596,247288.53598411262,3381571.1246116506,647.7023224055279,-1
260155444413074476,100605335,67bed499-89f0-44d1-b6e0-af9b54595b3e,zhiyin,114.35857951903472,30.537091614255427,114.35390361389489,30.53000983510181,2024-11-03 03:12:00,2024-11-03 03:18:02,1134.0,362.0,非工作日,663.0,243.0,珞珈山,信息学部6舍,386.0,38.0,山体,学生宿舍,5.0,4.0,3,3,1,246580.3876050284,3381271.2615628843,246113.18679105784,3380496.5998795754,904.6420972747828,-1
2411031112027,2408282047388,4d92a287-55c0-4aa3-80aa-0aba31c091c0,mangguo,114.35547523227636,30.53535316470374,114.36067983523608,30.54600163065941,2024-11-03 03:12:01,2024-11-03 03:21:18,1281.804610128782,557.0,非工作日,322.0,1216.0,测试中心,武汉大学青年互助服务中心,360.0,345.0,其他,教学区域,6.0,6.0,3,3,1,246277.9339152218,3381085.4993098015,246805.10439481653,3382254.432420314,1282.3078146093326,-1
260155609760403793,100605072,9ae81730-7b56-4a49-8ab5-fe7ce2eb5b0b,zhiyin,114.35923160402776,30.539398931767696,114.36888363908002,30.53971870697635,2024-11-03 03:13:16,2024-11-03 03:18:02,1127.0,286.0,非工作日,717.0,140.0,武汉大学梅园三舍,武汉大学国际教育学院,325.0,304.0,学生宿舍,教学区域,4.0,6.0,3,3,1,246648.96605852304,3381525.6175815803,247576.1121765666,3381539.4023908717,927.248588659164,-1
2411031119209,2409092232870,b5202a83-f010-49ca-8ec3-129920078cf2,mangguo,114.35557824812966,30.52726016070388,114.3591467668381,30.54560966918159,2024-11-03 03:19:04,2024-11-03 06:20:51,2062.8769419428004,10907.0,非工作日,42.0,1125.0,南门,工学部学生7舍,67.0,116.0,交通枢纽,学生宿舍,0.0,4.0,3,6,1,246266.76697770157,3380187.9584396845,246656.96484990575,3382214.421610009,2063.6878058839475,-1
260156436538983607,100606431,e8b36893-6c12-46a3-aaa7-af49fa2bf36f,zhiyin,114.3533351064941,30.54391911815917,114.35984653168175,30.54410749984785,2024-11-03 03:19:42,2024-11-03 03:27:43,697.0,481.0,非工作日,1138.0,1098.0,未知,工学部4舍,-1.0,102.0,其他,学生宿舍,2.0,4.0,3,3,1,246094.84276763292,3382040.0701605054,246720.21487365672,3382046.295169248,625.403087397631,-1
2411031121277,2408282044190,a7a66663-858d-45a6-9b69-ea3bcb23db61,mangguo,114.35664539629238,30.53749131745377,114.36627154698664,30.53494420347452,2024-11-03 03:21:35,2024-11-03 03:30:38,965.9528008706608,543.0,非工作日,591.0,480.0,武汉大学总图书馆,珞东二门,315.0,382.0,教学区域,交通枢纽,6.0,0.0,3,3,1,246395.80208001082,3381319.9313143385,247313.0547753841,3381015.8895459725,966.330121687558,-1
260157213938557599,100606023,a47d6d77-bbe9-40a5-a3f7-aeb15c44bf8c,zhiyin,114.36400542658772,30.5435421957562,114.3521424524324,30.534340166176992,2024-11-03 03:25:43,2024-11-03 03:35:14,1799.0,571.0,非工作日,911.0,426.0,湖滨食堂,武汉大学信息学部教工宿舍34栋,376.0,225.0,食堂,教工宿舍,10.0,7.0,3,3,1,247117.86389515514,3381974.2717498997,245955.42913883977,3380980.694346265,1529.1993394268848,-1
260157437271082413,100605413,55b41723-30a9-4b6d-875e-137562cd0bb8,zhiyin,114.3593895618888,30.53792520046177,114.36796437846968,30.539397842223508,2024-11-03 03:27:28,2024-11-03 03:31:46,894.0,258.0,非工作日,687.0,845.0,梅园食堂,枫园学生6舍,169.0,154.0,食堂,学生宿舍,10.0,4.0,3,3,1,246660.29629716987,3381361.8629865004,247487.058980333,3381505.8872040473,839.2136256705489,-1
260157770129480269,100606437,bbd45d74-98db-4d24-aca0-6d9286b6c3c9,zhiyin,114.35361463529551,30.545323211750887,114.3657758189686,30.543704959595253,2024-11-03 03:30:03,2024-11-03 03:35:49,1411.0,346.0,非工作日,1172.0,917.0,中区004栋,湖滨学生3舍,18.0,374.0,教工宿舍,学生宿舍,7.0,4.0,3,3,1,246125.3252847393,3382195.1187366457,247288.18538470683,3381988.3442795263,1181.100879778498,-1
260158010643454013,100605980,c2bb6e07-f196-49b6-a0fd-ba25ee1f46ab,zhiyin,114.35953731821655,30.53889267391637,114.35223773281987,30.529729516250143,2024-11-03 03:31:55,2024-11-03 03:41:35,1652.0,580.0,非工作日,694.0,178.0,武汉大学梅园四、五舍,南二门,328.0,60.0,学生宿舍,交通枢纽,4.0,0.0,3,3,1,246676.99053679945,3381468.7988759708,245952.5637854079,3380469.2746480806,1234.4402781306167,-1
260158377861582084,100606090,73163e09-900d-474a-8cf5-1506a58d9128,zhiyin,114.35289658330704,30.53331232003629,114.3587746759268,30.544282936896646,2024-11-03 03:34:45,2024-11-03 03:48:14,2469.0,809.0,非工作日,418.0,1097.0,武汉大学信息学部教工宿舍25栋,工学部5舍,219.0,104.0,教工宿舍,学生宿舍,7.0,4.0,3,3,1,246025.1312788598,3380865.031747613,246617.8083071832,3382068.1577046732,1341.1853445568745,-1
260158665633830713,100606023,a566c47c-e042-4a1d-b270-082c5f51d18f,zhiyin,114.3521424524324,30.534340166176992,114.35454767842285,30.54312652440084,2024-11-03 03:36:59,2024-11-03 03:44:55,1390.0,476.0,非工作日,426.0,989.0,武汉大学信息学部教工宿舍34栋,未知,225.0,-1.0,教工宿舍,其他,7.0,2.0,3,3,1,245955.42913883977,3380980.694346265,246209.1464223503,3381949.458367815,1001.4370621269157,-1
260158755824994565,100605631,604e0cd9-b415-458d-939e-46e2a897c053,zhiyin,114.35974262285518,30.53288636645136,114.36408225454151,30.544693710632675,2024-11-03 03:37:41,2024-11-03 04:11:52,5270.0,2051.0,非工作日,346.0,1184.0,东中区24栋,湖滨十三舍,15.0,370.0,教工宿舍,学生宿舍,7.0,4.0,3,4,1,246681.09116084198,3380802.390749386,247128.22400337024,3382101.772810085,1374.1621150847545,-1
260159185320676050,100605338,79889997-a84c-4a7a-b500-f514cbde1e9a,zhiyin,114.35598037752032,30.53834996766035,114.3591811479082,30.54524604024916,2024-11-03 03:41:01,2024-11-03 03:49:03,1259.0,482.0,非工作日,618.0,1125.0,文理学部教5楼,工学部学生7舍,135.0,116.0,教学区域,学生宿舍,6.0,4.0,3,3,1,246334.2118048854,3381416.631293694,246659.31915628814,3382174.027030709,824.2227201338695,-1
260159299131548504,100605980,febed983-1231-4afb-9f62-d3350e94b3db,zhiyin,114.35223773281987,30.529729516250143,114.35492915843876,30.53154908944225,2024-11-03 03:41:54,2024-11-03 03:49:30,548.0,456.0,非工作日,178.0,252.0,南二门,武汉大学图书馆信息科学分馆,60.0,306.0,交通枢纽,教学区域,0.0,6.0,3,3,1,245952.5637854079,3380469.2746480806,246215.6247803025,3380664.9536769995,327.85876439955496,-1
260159389328999428,100606063,0766f001-1512-4789-b851-1e9864687f7e,zhiyin,114.36816821492644,30.53943359986822,114.3624848697232,30.5322178960131,2024-11-03 03:42:36,2024-11-03 03:59:34,2748.0,1018.0,非工作日,141.0,328.0,枫园学生9舍,南三门,157.0,59.0,学生宿舍,交通枢纽,4.0,0.0,3,3,1,247506.71399861976,3381509.3948640455,246942.551500432,3380722.111725958,968.5525612367879,-1
260159582600955464,100605970,13cb278c-ea86-4d41-9a07-036d1ab2d8ee,zhiyin,114.35914676614964,30.53859731684209,114.3649665493576,30.543528004231977,2024-11-03 03:44:07,2024-11-03 03:49:49,1096.0,342.0,非工作日,693.0,910.0,武汉大学梅园四、五舍,湖滨食堂,328.0,376.0,学生宿舍,食堂,4.0,10.0,3,3,1,246638.7409871199,3381436.929685988,247210.06333829596,3381970.540613981,781.7607379670933,-1
260159891852234993,100605134,10510cb9-ef5b-40ae-9037-029440371018,zhiyin,114.3540803361102,30.54215056515287,114.36382154369922,30.54416621751957,2024-11-03 03:46:30,2024-11-03 03:53:31,1387.0,421.0,非工作日,963.0,1181.0,桂园7舍,湖滨学生16舍,164.0,372.0,学生宿舍,学生宿舍,4.0,4.0,3,3,1,246161.75527252376,3381842.3022363004,247101.83609110813,3382043.8727113646,961.4481795124797,-1
260160271942683627,100606169,f1242f81-6ad2-480f-be22-8a59dd3ac4c0,zhiyin,114.35593037035352,30.539107790305795,114.3685394027578,30.53945912181002,2024-11-03 03:49:28,2024-11-03 03:55:26,1391.0,358.0,非工作日,624.0,141.0,珞珈广场,枫园学生9舍,387.0,157.0,文娱场地,学生宿舍,8.0,4.0,3,3,1,246331.38413257062,3381500.7672816706,247542.40338470682,3381511.392587328,1211.065863677464,-1
2411031153415,2408282046337,045ccd0d-be06-49d7-badf-0dda9f7f78a9,mangguo,114.35605331214418,30.53832724346008,114.3597412838329,30.54487862945121,2024-11-03 03:53:37,2024-11-03 04:17:27,807.9271262049025,1430.0,非工作日,617.0,1124.0,文理学部教5楼,工学部1舍,135.0,99.0,教学区域,学生宿舍,6.0,4.0,3,4,1,246341.15241332643,3381413.9475100683,246712.1182863335,3382132.0305775,808.2443755868968,-1
2411031156536,2409092233293,4d92a287-55c0-4aa3-80aa-0aba31c091c0,mangguo,114.36062699993634,30.546030879584496,114.355481233102,30.535362165469216,2024-11-03 03:56:39,2024-11-03 04:05:12,1281.686527473271,513.0,非工作日,1216.0,548.0,武汉大学青年互助服务中心,测试中心,345.0,360.0,教学区域,其他,6.0,6.0,3,4,1,246800.11003918372,3382257.7941739527,246278.53326722348,3381086.483751414,1282.1897032016923,-1
260161418697904195,100606023,a566c47c-e042-4a1d-b270-082c5f51d18f,zhiyin,114.35454767842285,30.54312652440084,114.35981330938218,30.54705654664464,2024-11-03 03:58:22,2024-11-03 04:03:42,1042.0,320.0,非工作日,989.0,1228.0,未知,工学部10舍,-1.0,92.0,其他,学生宿舍,2.0,4.0,3,4,1,246209.1464223503,3381949.458367815,246724.68951130152,3382373.344389753,667.4309223881693,-1
261267606861257314,100606333,4a6350b8-0b7a-4a10-83b3-3db08deb7ab2,zhiyin,114.36153617897172,30.53949975052285,114.35925835625916,30.54190305820977,2024-11-09 03:03:30,2024-11-09 03:09:04,1151.0,334.0,非工作日,737.0,1063.0,武汉大学行政楼,樱顶学生宿舍,338.0,173.0,教学区域,学生宿舍,6.0,4.0,3,3,1,246870.4011480619,3381531.6145272227,246658.0407108916,3381803.2014251617,344.7555632724185,-1
2411091104739,2408290926805,b26459e6-e37b-4a1d-9483-f791a621ea03,mangguo,114.35615532491848,30.54625127272904,114.35905375382352,30.53859664183163,2024-11-09 03:04:46,2024-11-09 03:11:55,893.0195427165766,429.0,非工作日,1247.0,693.0,工学部A教学楼,武汉大学梅园四、五舍,110.0,328.0,教学区域,学生宿舍,6.0,4.0,3,3,1,246371.55942223608,3382292.292602224,246629.8126296099,3381437.06405901,893.3703488737804,-1
261267950460734013,100605087,abab316c-66e0-4c42-9066-4eaf1aea6470,zhiyin,114.36016923015453,30.543642212479146,114.36400343141506,30.54350820971404,2024-11-09 03:06:11,2024-11-09 03:09:09,605.0,178.0,非工作日,1090.0,911.0,工学部15舍,湖滨食堂,96.0,376.0,学生宿舍,食堂,4.0,10.0,3,3,1,246749.97442176,3381993.9809376453,247117.58425973792,3381970.5080466373,368.3584797319351,-1
261268309080019461,100606083,d44e217f-f4f6-41cd-b620-b2968b57bfcf,zhiyin,114.35619206293477,30.52764714669038,114.36816322076088,30.539411612813257,2024-11-09 03:08:57,2024-11-09 03:18:30,2311.0,573.0,非工作日,53.0,141.0,南门,枫园学生9舍,67.0,157.0,交通枢纽,学生宿舍,0.0,4.0,3,3,1,246326.68950527336,3380229.483290372,247506.17776291256,3381506.968261992,1738.7237856037013,-1
2411091109893,2408282045257,5783ef1b-3d5f-4707-99c5-6081a09dcc1b,mangguo,114.36839037457644,30.535746088401183,114.3592629743691,30.53502694229029,2024-11-09 03:09:23,2024-11-09 03:14:02,879.5241494409084,279.0,非工作日,85.0,381.0,珞东门,中国银行武汉武大支行,383.0,25.0,交通枢纽,其他,0.0,2.0,3,3,1,247518.48665402248,3381100.047144282,246640.6168819548,3381040.8046441437,879.8664731269187,-1
2411091115069,2409092232880,f8d9de06-18fe-470a-83a8-c84b490597e4,mangguo,114.3555262405937,30.528997157840564,114.3530820428842,30.529160381305584,2024-11-09 03:15:53,2024-11-09 03:17:24,235.2674391928724,91.0,非工作日,60.0,176.0,信息学部一教,南二门,39.0,60.0,教学区域,交通枢纽,2.0,0.0,3,3,1,246266.29356783288,3380380.664404536,246032.1197986188,3380404.2685311777,235.36038108066467,-1
2411091116096,2408241143765,dd05567f-c0f8-49fa-a215-fc2255dacea9,mangguo,114.35995489302336,30.54526778184585,114.36621377592382,30.53481698805442,2024-11-09 03:16:46,2024-11-09 03:27:58,1305.0113848498038,672.0,非工作日,1126.0,470.0,工学部学生7舍,珞东二门,116.0,382.0,学生宿舍,交通枢纽,4.0,0.0,3,3,1,246733.62862753373,3382174.6973072477,247307.1805115586,3381001.9142196737,1305.5197946289265,-1
2411091117118,2409092232858,def1e03a-19c5-4f50-a309-0b8ca7a64453,mangguo,114.35306391447214,30.528926862888508,114.3521021721046,30.542351006041937,2024-11-09 03:17:28,2024-11-09 03:26:25,1491.0799269855129,537.0,非工作日,173.0,827.0,南二门,武汉大学第二附属小学,60.0,334.0,交通枢纽,其他,0.0,2.0,3,3,1,246029.77176485982,3380378.4181061843,245972.4351870719,3381868.9860861097,1491.6703341995692,-1
261269537437524460,100605456,c9c118d1-2d1e-45e4-bcde-bf647b3ab7e3,zhiyin,114.36852693863158,30.53940720640146,114.35944648077071,30.53815104634456,2024-11-09 03:18:29,2024-11-09 03:30:22,1015.0,713.0,非工作日,141.0,691.0,枫园学生9舍,武汉大学总务后勤部,157.0,314.0,学生宿舍,其他,4.0,2.0,3,3,1,247541.07276190762,3381505.664444809,246666.3457618341,3381386.775536767,882.7694473150793,-1
261269582542538259,100606498,9ae81730-7b56-4a49-8ab5-fe7ce2eb5b0b,zhiyin,114.36845997550073,30.539576224923323,114.3594275046296,30.53811208568079,2024-11-09 03:18:51,2024-11-09 03:29:05,970.0,614.0,非工作日,141.0,691.0,枫园学生9舍,武汉大学总务后勤部,157.0,314.0,学生宿舍,其他,4.0,2.0,3,3,1,247535.0838966458,3381524.5543224695,246664.42334174787,3381382.498467989,882.1732639609062,-1
2411091121241,2408282046323,e4b3049f-f7d2-44db-86eb-735305e6f586,mangguo,114.3537029939022,30.54110996232161,114.35402675529656,30.530035026246058,2024-11-09 03:21:15,2024-11-09 03:34:34,1228.17726604179,799.0,非工作日,802.0,243.0,桂园餐厅,信息学部6舍,166.0,38.0,食堂,学生宿舍,10.0,4.0,3,3,1,246122.83225254208,3381727.776049577,246125.0715875833,3380499.115461376,1228.662628885646,-1
2411091127429,2408241144052,7c4c79da-e70d-4ca7-b0b6-cf3c71285cba,mangguo,114.35218280185168,30.541676789746862,114.3604935171262,30.54399967505105,2024-11-09 03:27:16,2024-11-09 03:38:58,838.0180359808538,702.0,非工作日,806.0,1113.0,计算机学院,工学部4舍,442.0,102.0,教学区域,学生宿舍,6.0,4.0,3,3,1,245978.41633916137,3381794.050550611,246782.0238983915,3382032.8852976426,838.3478667243756,-1
2411091127449,2409092233065,cb451833-1ec1-414b-8d4a-a0d371e30907,mangguo,114.36094005116908,30.542115916895145,114.3651085176016,30.545119306011795,2024-11-09 03:27:55,2024-11-09 03:30:55,520.4368643811008,180.0,非工作日,1061.0,1187.0,理学院,凌波门,388.0,52.0,教学区域,交通枢纽,6.0,0.0,3,3,1,246819.9840315744,3381823.020557309,247227.81403966737,3382146.656593065,520.6396058127057,-1
2411091128471,2408241144063,759bac7b-9676-4452-8487-1968c92fe5eb,mangguo,114.36259732723434,30.532554143329943,114.3588639677883,30.53570184234995,2024-11-09 03:28:28,2024-11-09 03:32:08,500.13186457593366,220.0,非工作日,328.0,383.0,南三门,武汉大学新工会大楼,59.0,317.0,交通枢纽,教学区域,0.0,6.0,3,3,1,246954.21744292727,3380759.1403349377,246604.07568845258,3381116.531325736,500.3274612995492,-1
2411091130514,2409092233047,3d7fb1c5-dc55-4935-b666-1f6fa1ec15fa,mangguo,114.36617295775297,30.534529712756832,114.35992888893146,30.54520977804001,2024-11-09 03:30:22,2024-11-09 03:40:43,1326.9865065549932,621.0,非工作日,470.0,1124.0,珞东二门,工学部1舍,382.0,99.0,交通枢纽,学生宿舍,0.0,4.0,3,3,1,247302.51853857897,3380970.1543546617,246730.9824175743,3382168.3246370177,1327.50350776714,-1
261271268318781449,100606498,c9c118d1-2d1e-45e4-bcde-bf647b3ab7e3,zhiyin,114.3594275046296,30.53811208568079,114.36872375381247,30.539795858147546,2024-11-09 03:31:55,2024-11-09 03:38:00,1019.0,365.0,非工作日,691.0,140.0,武汉大学总务后勤部,武汉大学国际教育学院,314.0,304.0,其他,教学区域,2.0,6.0,3,3,1,246664.42334174787,3381382.498467989,247560.96761941293,3381548.3147797906,911.7492479149681,-1
2411091133625,2409092232948,f6c8f224-8a58-4d23-970e-5592655ea724,mangguo,114.35514418818184,30.528940110392305,114.35815261586444,30.544273530397067,2024-11-09 03:33:26,2024-11-09 03:44:15,1724.2274660256658,649.0,非工作日,71.0,973.0,信息学部一教,未知,39.0,-1.0,教学区域,其他,2.0,2.0,3,3,1,246229.47503881215,3380375.199717241,246558.08681300556,3382068.514466007,1724.9059500525439,-1
261271491652885152,100605456,9ae81730-7b56-4a49-8ab5-fe7ce2eb5b0b,zhiyin,114.35944648077071,30.53815104634456,114.36879369916063,30.53981177536801,2024-11-09 03:33:40,2024-11-09 03:37:40,982.0,240.0,非工作日,691.0,140.0,武汉大学总务后勤部,武汉大学国际教育学院,314.0,304.0,其他,教学区域,2.0,6.0,3,3,1,246666.3457618341,3381386.775536767,247567.72153630256,3381549.9228321523,916.0214663369619,-1
261271635528518737,100605310,c7516a21-cd72-4308-b467-0c9e5b4ae815,zhiyin,114.35785070226854,30.544295247696496,114.3598548769835,30.54676277075193,2024-11-09 03:34:46,2024-11-09 03:38:51,602.0,245.0,非工作日,973.0,1225.0,未知,工学部12舍,-1.0,95.0,其他,学生宿舍,2.0,4.0,3,3,1,246529.16963078995,3382071.6018233136,246727.91512749856,3382340.6786002624,334.517689151236,-1
2411091136765,2409092233063,4ecda60c-530e-46c5-bb07-1063e8f2e632,mangguo,114.35629234771793,30.52895925440844,114.35454015624468,30.54157046719357,2024-11-09 03:36:30,2024-11-09 03:45:53,1408.1732955325697,563.0,非工作日,61.0,955.0,信息学部一教,文理学部教六楼,39.0,137.0,教学区域,教学区域,2.0,6.0,3,3,1,246339.72737558454,3380374.7368899193,246204.37353058657,3381776.947744747,1408.7284851073687,-1
2411091136794,2409092232912,b26459e6-e37b-4a1d-9483-f791a621ea03,mangguo,114.36639099731616,30.538316756578208,114.3714348689724,30.53752799461488,2024-11-09 03:36:55,2024-11-09 03:57:32,491.85372075718607,1237.0,非工作日,530.0,102.0,珞珈山,杨波门,386.0,147.0,山体,交通枢纽,5.0,0.0,3,3,1,247333.25820613862,3381389.5508686565,247815.28949062986,3381290.7946834816,492.0436396688593,-1
261272028530090794,100605630,ef7a45b1-106a-4e48-a7e1-f706224e7131,zhiyin,114.35198364532596,30.53446437612172,114.3523704427572,30.531111859954823,2024-11-09 03:37:49,2024-11-09 03:40:14,391.0,145.0,非工作日,436.0,187.0,牌坊,武汉大学信息部学生宿舍15、16舍,378.0,245.0,交通枢纽,学生宿舍,0.0,4.0,3,3,1,245940.51095477256,3380994.8242358235,245968.901897804,3380622.242450698,373.6619224026396,-1
2411091142073,2408282047403,dd1c7020-25e0-4d0f-a04d-a7086fa62aae,mangguo,114.36509276034532,30.542804554345988,114.3530079070666,30.530413859563406,2024-11-09 03:42:49,2024-11-09 04:02:44,1797.7258702126292,1195.0,非工作日,906.0,183.0,小龟山,武汉大学信息部学生宿舍13舍,87.0,243.0,山体,学生宿舍,5.0,4.0,3,4,1,247220.29952332927,3381890.0452795075,246028.268062604,3380543.414696718,1798.4306853094442,-1
2411091145188,2409092233293,623033f8-5b2e-409b-8a58-86b59c9bf59f,mangguo,114.3562563426114,30.52902424994999,114.3594138096293,30.5379446905552,2024-11-09 03:45:45,2024-11-09 03:52:08,1034.3132004090598,383.0,非工作日,61.0,687.0,信息学部一教,梅园食堂,39.0,169.0,教学区域,食堂,2.0,10.0,3,3,1,246336.44056873108,3380382.024301657,246662.67406320857,3381363.969407965,1034.7195198319098,-1
2411091145196,2408282045273,ee4f8ede-535a-47da-9760-ea2e1534b730,mangguo,114.36584889758748,30.539953670929723,114.35205878932202,30.52927675029961,2024-11-09 03:45:56,2024-11-09 03:57:34,1775.485513248755,698.0,非工作日,840.0,174.0,枫园一舍,南二门,149.0,60.0,学生宿舍,交通枢纽,4.0,0.0,3,3,1,247285.47449985455,3381572.2586904215,245934.20918240977,3380419.477825035,1776.1817704645541,-1
2411091149347,2409092233283,fe9aef9f-e40c-4f28-beaf-72df97fee35f,mangguo,114.35683342313403,30.5382953434525,114.35306936497712,30.53621183947121,2024-11-09 03:49:24,2024-11-09 03:53:37,428.745877592224,253.0,非工作日,616.0,449.0,武汉大学总图书馆,武汉大学本科生院,315.0,319.0,教学区域,教学区域,6.0,6.0,3,3,1,246415.9387503839,3381408.6541270344,246049.26551482335,3381186.125849917,428.9150216455976,-1
261273649880243132,100606045,a9d11bd1-4942-4acf-a716-568825835b3e,zhiyin,114.353178616426,30.528866323653336,114.36521917841576,30.54519013343668,2024-11-09 03:50:25,2024-11-09 04:06:50,3256.0,985.0,非工作日,172.0,923.0,信息学部学生宿舍7舍,凌波门,42.0,52.0,学生宿舍,交通枢纽,4.0,0.0,3,4,1,246040.62346596047,3380371.447297571,247238.6173308656,3382154.26117141,2147.932636071692,-1
2411091153508,2409092232033,d622a679-cbb1-4cc7-9e17-b8e6ba02ddf5,mangguo,114.3650887593388,30.544599557410145,114.3670891270084,30.53917387453793,2024-11-09 03:53:10,2024-11-09 03:56:46,631.3852931633936,216.0,非工作日,1183.0,846.0,未知,枫园学生5舍,-1.0,153.0,其他,学生宿舍,2.0,4.0,3,3,1,247224.57013264962,3382089.074124273,247402.47983811444,3381483.0174109717,631.6301156816843,-1
261274216811728365,100606356,dacaf590-be10-41ca-90bf-faf3b92e2c4d,zhiyin,114.35312070594968,30.5286734757273,114.36852291000623,30.53977009010692,2024-11-09 03:54:48,2024-11-09 04:09:22,2457.0,874.0,非工作日,173.0,141.0,南二门,枫园学生9舍,60.0,157.0,交通枢纽,学生宿舍,0.0,4.0,3,4,1,246034.56297442524,3380350.195869239,247541.6257706794,3381545.9079087,1923.789373389194,-1
2411091157670,2409092233244,def1e03a-19c5-4f50-a309-0b8ca7a64453,mangguo,114.35266386091452,30.54408084865875,114.35290726342816,30.52900186005101,2024-11-09 03:57:31,2024-11-09 04:14:54,1671.8429819706814,1043.0,非工作日,1137.0,173.0,中国银行武大水大支行,南二门,24.0,60.0,其他,交通枢纽,2.0,0.0,3,4,1,246030.84654589527,3382059.5155168325,246014.93136858748,3380387.0865057716,1672.5047353914224,-1
2411091159756,2408282046340,3d7fb1c5-dc55-4935-b666-1f6fa1ec15fa,mangguo,114.3599128864116,30.545191775735614,114.36621377592382,30.53481698805442,2024-11-09 03:59:32,2024-11-09 04:17:20,1299.4072641807727,1068.0,非工作日,1124.0,470.0,工学部1舍,珞东二门,99.0,382.0,学生宿舍,交通枢纽,4.0,0.0,3,4,1,246729.39994908482,3382166.3646263205,247307.1805115586,3381001.9142196737,1299.9135078582988,-1
261454212447079333,100605734,b9a3e7c0-0d37-4b17-9e03-a66992ad9602,zhiyin,114.35200487616068,30.54296452056139,114.35462172997866,30.530048726129827,2024-11-10 03:11:45,2024-11-10 03:37:13,3981.0,1528.0,非工作日,831.0,245.0,武汉大学工学部集贸市场,信息学部2舍,313.0,34.0,食堂,学生宿舍,10.0,4.0,3,3,1,245964.6965684397,3381937.2289235727,246182.21343738033,3380499.2939380375,1454.2938530090512,-1
2411101112574,2408282049585,b3996cd1-2bf5-403b-a0a4-cdcbb2509a9a,mangguo,114.36199422463892,30.54062306928771,114.35644836023675,30.538251066629183,2024-11-10 03:12:29,2024-11-10 03:16:00,593.6058151467769,211.0,非工作日,732.0,617.0,马克思主义学院大楼,文理学部教5楼,454.0,135.0,教学区域,教学区域,6.0,6.0,3,3,1,246917.27633738864,3381655.1326356023,246378.86807053638,3381404.6118813683,593.8384545621765,-1
2411101116698,2408282049625,733a8b48-b190-411f-8baf-ae2a80634c38,mangguo,114.36071501423682,30.54527389074789,114.35184376310742,30.52960072726616,2024-11-10 03:16:47,2024-11-10 03:29:15,1934.8909674133613,748.0,非工作日,1213.0,167.0,未知,南二门,-1.0,60.0,其他,交通枢纽,2.0,0.0,3,3,1,246806.59001112712,3382173.665454444,245914.4145677503,3380455.8835852128,1935.6527508890283,-1
261454895345833511,100605341,3bfc6dfc-2a6f-487d-bea9-7cab7439c719,zhiyin,114.3533393564728,30.54099509317567,114.35451373001928,30.531555401832616,2024-11-10 03:17:03,2024-11-10 03:23:57,1471.0,414.0,非工作日,802.0,254.0,桂园餐厅,信息学部5舍,166.0,37.0,食堂,学生宿舍,10.0,4.0,3,3,1,246087.6347983331,3381715.85965797,246175.76864688806,3380666.58941871,1052.9651514921884,-1
2411101118748,2408282047355,759bac7b-9676-4452-8487-1968c92fe5eb,mangguo,114.35892873526151,30.53519361750783,114.35195077615276,30.52931773845216,2024-11-10 03:18:04,2024-11-10 03:23:55,934.2224041691989,351.0,非工作日,381.0,165.0,中国银行武汉武大支行,南二门,25.0,60.0,其他,交通枢纽,2.0,0.0,3,3,1,246608.97112505577,3381060.0364423506,245923.94866327336,3380424.265943569,934.5907662005177,-1
261455273305578513,100605760,352d879f-6b0e-44b0-9a3d-1b4dba7d22f1,zhiyin,114.35334534793408,30.54100707988961,114.35462772687244,30.53000073254676,2024-11-10 03:19:59,2024-11-10 03:36:52,3469.0,1013.0,非工作日,802.0,245.0,桂园餐厅,信息学部2舍,166.0,34.0,食堂,学生宿舍,10.0,4.0,3,3,1,246088.24101837253,3381717.1751764137,246182.66412890537,3380493.9591563107,1226.854985578781,-1
261455322706616274,100606417,ef72ea38-19ac-49b0-8912-182c2cad5a18,zhiyin,114.36259772856307,30.53256863465471,114.35224262085524,30.53094111637721,2024-11-10 03:20:22,2024-11-10 03:26:56,1469.0,394.0,非工作日,328.0,187.0,南三门,武汉大学信息部学生宿舍15、16舍,59.0,245.0,交通枢纽,学生宿舍,0.0,4.0,3,3,1,246954.29356195085,3380760.7461496755,245956.18881693756,3380603.5995071135,1010.3999946984137,-1
261456093649569368,100606491,d27d424d-a74c-426f-b4ec-ca6e8658a222,zhiyin,114.352931790488,30.541886428051058,114.35400803362778,30.54147799906741,2024-11-10 03:26:21,2024-11-10 03:27:28,172.0,67.0,非工作日,825.0,956.0,桂园3舍,桂园5舍,161.0,162.0,学生宿舍,学生宿舍,4.0,4.0,3,3,1,246050.84247352328,3381815.6051742584,246153.065210968,3381767.894531963,112.8086585282001,-1
2411101128055,2409092232950,8d5c331a-8836-46ab-acdd-1c8f0deee0ac,mangguo,114.35868569633688,30.5446736036934,114.35455701488542,30.53005176603104,2024-11-10 03:28:20,2024-11-10 03:41:24,1668.7156605478376,784.0,非工作日,1100.0,245.0,教育技术与教学服务中心,信息学部2舍,131.0,34.0,教学区域,学生宿舍,6.0,4.0,3,3,1,246610.28475193607,3382111.6729526417,246176.00993789075,3380499.776776217,1669.372306493376,-1
261456643393329593,100606136,57ed113c-75ba-48af-a4c5-61cae0d761e6,zhiyin,114.35365802586404,30.52877561125004,114.36848094567635,30.539732149583344,2024-11-10 03:30:37,2024-11-10 03:42:35,2642.0,718.0,非工作日,172.0,141.0,信息学部学生宿舍7舍,枫园学生9舍,42.0,157.0,学生宿舍,学生宿舍,4.0,4.0,3,3,1,246086.4020355409,3380360.309120343,247537.50017820974,3381541.7953404714,1871.2550622537192,-1
261456692785451499,100605260,fe1551e6-de58-41eb-b9a5-7e7e8d0339bd,zhiyin,114.35141363563685,30.531554230165288,114.35313968438672,30.52864745461897,2024-11-10 03:31:00,2024-11-10 03:38:11,512.0,431.0,非工作日,209.0,172.0,武汉大学信息部青年楼宿舍2栋,信息学部学生宿舍7舍,253.0,42.0,学生宿舍,学生宿舍,6.0,4.0,3,3,1,245878.22027334367,3380673.447908788,246036.31681684032,3380347.2680094168,362.4746112756217,-1
2411101133219,2408241144824,3bb93cd0-f031-4339-81b5-717b7f50c27e,mangguo,114.358707699714,30.54453960643273,114.35943481287582,30.53804769370469,2024-11-10 03:33:38,2024-11-10 03:42:30,723.0781130903956,532.0,非工作日,1100.0,688.0,教育技术与教学服务中心,梅园食堂,131.0,169.0,教学区域,食堂,6.0,10.0,3,3,1,246612.0480164291,3382096.766543726,246664.9574296328,3381375.3425997947,723.3615367731835,-1
261457708544694707,100605929,d1a05f17-2711-4cde-875e-e3f605e71716,zhiyin,114.36010829355472,30.54365329240647,114.35947445683784,30.538080030941444,2024-11-10 03:38:53,2024-11-10 03:45:25,1136.0,392.0,非工作日,1090.0,691.0,工学部15舍,武汉大学总务后勤部,96.0,314.0,学生宿舍,其他,4.0,2.0,3,3,1,246744.15528950724,3381995.3464454305,246668.846189254,3381378.838817503,621.090263869907,-1
261457824526114931,100605260,fe1551e6-de58-41eb-b9a5-7e7e8d0339bd,zhiyin,114.35313968438672,30.52864745461897,114.35184605418456,30.531807461142108,2024-11-10 03:39:47,2024-11-10 03:44:11,607.0,264.0,非工作日,172.0,213.0,信息学部学生宿舍7舍,武汉大学信息部青年楼宿舍3栋,42.0,254.0,学生宿舍,学生宿舍,4.0,6.0,3,3,1,246036.31681684032,3380347.2680094168,245920.38330500122,3380700.549569623,371.8177509871727,-1
261457987719665095,100605626,44bbe2ab-16a9-4cf9-ab48-83b005cd9056,zhiyin,114.35389561792988,30.530076825715305,114.35439987033584,30.53154057995041,2024-11-10 03:41:03,2024-11-10 03:42:16,205.0,73.0,非工作日,243.0,254.0,信息学部6舍,信息学部5舍,38.0,37.0,学生宿舍,学生宿舍,4.0,4.0,3,3,1,246112.59371157916,3380504.0454610903,246164.80188809958,3380665.2025705874,169.40279701661504,-1
2411101145623,2408241144017,b3996cd1-2bf5-403b-a0a4-cdcbb2509a9a,mangguo,114.35659438902756,30.537328310538708,114.35153072550052,30.529281692424576,2024-11-10 03:45:53,2024-11-10 03:52:53,1015.8293412720355,420.0,非工作日,591.0,165.0,武汉大学总图书馆,南二门,315.0,60.0,教学区域,交通枢纽,6.0,0.0,3,3,1,246390.4827610641,3381301.9728134437,245883.53757886888,3380421.2166463174,1016.2307039654208,-1
261458737203519307,100605961,3be46b95-3f5b-4c19-b19b-7f855e5c45b6,zhiyin,114.35946447849896,30.5379550862222,114.36845796438077,30.53972117891349,2024-11-10 03:46:52,2024-11-10 03:51:15,995.0,263.0,非工作日,688.0,141.0,梅园食堂,枫园学生9舍,169.0,157.0,食堂,学生宿舍,10.0,4.0,3,3,1,246667.56391106418,3381365.008068481,247535.26623712573,3381540.6304859463,885.2968768548733,-1
261458829542171489,100606417,9b99ddc0-1394-423d-984c-33ea4b6ea652,zhiyin,114.35222664337488,30.5309171493047,114.3560340832348,30.540995007330213,2024-11-10 03:47:36,2024-11-10 03:57:18,1386.0,582.0,非工作日,187.0,944.0,武汉大学信息部学生宿舍15、16舍,宋卿体育馆,245.0,85.0,学生宿舍,运动场地,4.0,1.0,3,3,1,245954.5928683662,3380600.978190158,246346.2476735061,3381709.778400069,1175.9385153518938,-1
2411101153922,2408290641786,a41b4a94-6aa4-4684-b0f2-9d5fd9fc5d0c,mangguo,114.3523958275846,30.54408781848777,114.35665855712652,30.53762743941917,2024-11-10 03:53:22,2024-11-10 04:00:44,824.786521440708,442.0,非工作日,1139.0,593.0,工学部学生新4栋,武汉大学总图书馆,117.0,315.0,学生宿舍,教学区域,4.0,6.0,3,4,1,246005.14232515314,3382060.8927567243,246397.41921257103,3381334.9941626075,825.1120683537487,-1
2411101154957,2409092232974,dd05567f-c0f8-49fa-a215-fc2255dacea9,mangguo,114.35141570896334,30.54228470689504,114.35920377579922,30.5447716753749,2024-11-10 03:54:35,2024-11-10 04:09:20,796.5502619364398,885.0,非工作日,817.0,1099.0,武汉大学工学部集贸市场,工学部2舍,313.0,100.0,食堂,学生宿舍,10.0,4.0,3,4,1,245906.3833124577,3381863.1836613743,246660.2577921065,3382121.381084421,796.8642546468146,-1
261459853885051550,100606210,55b41723-30a9-4b6d-875e-137562cd0bb8,zhiyin,114.3597556054948,30.532926335446376,114.359416533227,30.53792016454738,2024-11-10 03:55:33,2024-11-10 03:59:25,763.0,232.0,非工作日,346.0,688.0,东中区24栋,梅园食堂,15.0,169.0,教工宿舍,食堂,7.0,10.0,3,3,1,246682.4410265487,3380806.793098966,246662.87173066326,3381361.2439723075,554.7961141631275,-1
261460025685312774,100606022,b7fc65ce-fffb-4da7-a5f3-396f70432c7d,zhiyin,114.35281197942037,30.52999752932893,114.36403734293684,30.53271774295192,2024-11-10 03:56:52,2024-11-10 04:08:04,1666.0,672.0,非工作日,180.0,223.0,武汉大学信息部学生宿舍11舍,武汉大学南三区31栋,242.0,288.0,学生宿舍,教工宿舍,4.0,7.0,3,4,1,246008.37863279614,3380497.6958602755,247092.85161964904,3380774.045831546,1119.129557216202,-1
2411101157111,2409092232883,623033f8-5b2e-409b-8a58-86b59c9bf59f,mangguo,114.35938880574616,30.537933687039125,114.35665855712652,30.53762743941917,2024-11-10 03:57:50,2024-11-10 04:01:18,264.19019056842285,208.0,非工作日,687.0,593.0,梅园食堂,武汉大学总图书馆,169.0,315.0,食堂,教学区域,10.0,6.0,3,4,1,246660.2457782291,3381362.805632603,246397.41921257103,3381334.9941626075,264.29393008337854,-1
2411101158136,2409092233060,f0af141c-a9f8-4f61-97f1-eb10964e9365,mangguo,114.35639736289754,30.527491264773342,114.35976186492483,30.532899728954582,2024-11-10 03:58:41,2024-11-10 04:10:08,681.003219878429,687.0,非工作日,53.0,346.0,南门,东中区24栋,67.0,15.0,交通枢纽,教工宿舍,0.0,7.0,3,4,1,246345.98949030033,3380211.7377738496,246682.97268277162,3380803.829043793,681.2706833200218,-1
262566085120231643,100606272,d3de75e4-27ff-46aa-b145-52672ddb95eb,zhiyin,114.35215173842724,30.542384483657408,114.35157023939706,30.54522544661138,2024-11-16 03:01:02,2024-11-16 03:03:10,378.0,128.0,非工作日,827.0,1158.0,武汉大学第二附属小学,青年公寓,334.0,452.0,其他,学生宿舍,2.0,4.0,3,3,1,245977.27924246827,3381872.5861206586,245928.87822060686,3382188.8894870267,319.985122299563,-1
2411161101466,2408282047399,477f7535-c692-47ec-8514-e936a342dbff,mangguo,114.3674041859802,30.540817930931283,114.35229781853276,30.529779777923327,2024-11-16 03:01:58,2024-11-16 03:14:17,1897.104004925536,739.0,非工作日,868.0,178.0,武汉大学经济与管理学院,南二门,335.0,60.0,教学区域,交通枢纽,6.0,0.0,3,3,1,247436.9754221983,3381664.594424543,245958.46180049676,3380474.7119194753,1897.8469130630651,-1
2411161107593,2409092232896,28e2b119-f517-425b-8f7d-a0ca7a306023,mangguo,114.35939980745736,30.5379226885531,114.35927278650034,30.54463768469825,2024-11-16 03:07:09,2024-11-16 03:13:51,744.5350919482947,402.0,非工作日,687.0,1099.0,梅园食堂,工学部2舍,169.0,100.0,食堂,学生宿舍,10.0,4.0,3,3,1,246661.2730677016,3381361.5614370485,246666.53225751035,3382106.369677104,744.8268077426612,-1
262567021427826419,100605222,520e2ec2-5b52-42ea-92f3-035b23946ac4,zhiyin,114.3531006961066,30.52907437764255,114.35961378491264,30.544056839135884,2024-11-16 03:08:18,2024-11-16 03:22:25,2739.0,847.0,非工作日,176.0,1098.0,南二门,工学部4舍,60.0,102.0,交通枢纽,学生宿舍,0.0,4.0,3,3,1,246033.6862343594,3380394.690854672,246697.74726808263,3382041.2016341137,1775.3801855736747,-1
262567208258898183,100606273,ec551226-140c-4a82-ba02-c0ca5b0f496b,zhiyin,114.36863482405415,30.53976996551296,114.35942151013232,30.53812309038305,2024-11-16 03:09:44,2024-11-16 03:18:51,990.0,547.0,非工作日,140.0,691.0,武汉大学国际教育学院,武汉大学总务后勤部,304.0,314.0,教学区域,其他,6.0,2.0,3,3,1,247552.3659232198,3381545.6432639332,246663.87662628657,3381383.7320912485,903.1215082175007,-1
262567242614448541,100606160,46be51be-5ce8-4853-a254-351e03527b0c,zhiyin,114.36874273968914,30.539791838439715,114.3594528156674,30.53809669632424,2024-11-16 03:10:00,2024-11-16 03:18:54,960.0,534.0,非工作日,140.0,691.0,武汉大学国际教育学院,武汉大学总务后勤部,304.0,314.0,教学区域,其他,6.0,2.0,3,3,1,247562.7792999445,3381547.8265478453,246666.81252643833,3381380.7352551506,911.4142632861463,-1
2411161110688,2408282046318,728b7902-8f99-468a-9ffe-515f52265cc4,mangguo,114.35273387081985,30.53868584547716,114.35302819178987,30.5419410008802,2024-11-16 03:10:51,2024-11-16 03:13:36,361.9752251442381,165.0,非工作日,763.0,825.0,武汉大学化学与分子科学学院,桂园3舍,256.0,161.0,教学区域,学生宿舍,6.0,4.0,3,3,1,246023.5107548202,3381461.1872443636,246060.23618723336,3381821.438575538,362.11845989782825,-1
262567362875103982,100605405,d106b2d5-e351-4b89-8b0e-e1c79acedf3d,zhiyin,114.35644886195465,30.53796240359194,114.35463711672762,30.54311607783569,2024-11-16 03:10:57,2024-11-16 03:14:57,846.0,240.0,非工作日,594.0,989.0,珞珈广场,未知,387.0,-1.0,文娱场地,其他,8.0,2.0,3,3,1,246378.16536118984,3381372.605327786,246217.70243842257,3381948.0985693806,597.4452449422625,-1
262567526087533251,100605836,d7f56e6e-6fa4-4ecb-a46c-516b0f6ce832,zhiyin,114.35825601319728,30.54698775569869,114.35357568731888,30.54528228569327,2024-11-16 03:12:12,2024-11-16 03:15:51,664.0,219.0,非工作日,1254.0,1172.0,教学楼9号楼,中区004栋,130.0,18.0,教学区域,教工宿舍,6.0,7.0,3,3,1,246575.06640344646,3382369.2207295583,246121.48101540073,3382190.668864698,487.4633039456599,-1
262568475265863515,100606273,ec551226-140c-4a82-ba02-c0ca5b0f496b,zhiyin,114.35942151013232,30.53812309038305,114.3688356723608,30.539753748278635,2024-11-16 03:19:34,2024-11-16 03:23:51,978.0,257.0,非工作日,691.0,140.0,武汉大学总务后勤部,武汉大学国际教育学院,314.0,304.0,其他,教学区域,2.0,6.0,3,3,1,246663.87662628657,3381383.7320912485,247571.59949711306,3381543.395061396,921.6577858716448,-1
262568511776232524,100606160,46be51be-5ce8-4853-a254-351e03527b0c,zhiyin,114.35945247911096,30.538096056218464,114.36876172461842,30.53979881508248,2024-11-16 03:19:51,2024-11-16 03:24:07,961.0,256.0,非工作日,691.0,140.0,武汉大学总务后勤部,武汉大学国际教育学院,314.0,304.0,其他,教学区域,2.0,6.0,3,3,1,246666.77856306804,3381380.6650406215,247564.61936090337,3381548.5575296464,913.4035176900418,-1
262569085161709773,100605471,b158199d-d067-42b5-8fcd-804f775b7fc0,zhiyin,114.35306674418848,30.52901245039764,114.3603969964676,30.54357492337061,2024-11-16 03:24:18,2024-11-16 03:36:44,2733.0,746.0,非工作日,173.0,1090.0,南二门,工学部15舍,60.0,96.0,交通枢纽,学生宿舍,0.0,4.0,3,3,1,246030.26621914274,3380387.901218262,246771.6577298945,3381986.008146111,1761.705743038092,-1
262569130258335779,100606060,cae1a948-cf7f-45e3-91e7-370ab0c04512,zhiyin,114.35305178925049,30.528711570608674,114.36043095966494,30.54358887230801,2024-11-16 03:24:40,2024-11-16 03:34:14,2763.0,574.0,非工作日,173.0,1090.0,南二门,工学部15舍,60.0,96.0,交通枢纽,学生宿舍,0.0,4.0,3,3,1,246028.04738375562,3380354.5749679636,246774.95332095632,3381987.4783654385,1795.6174382397671,-1
2411161125138,2408282047447,6257bb36-846f-4c98-babb-248737d831be,mangguo,114.352553847233,30.543899835862053,114.34924946214328,30.54167148119012,2024-11-16 03:25:31,2024-11-16 03:35:13,401.9540566638338,582.0,非工作日,1139.0,812.0,工学部学生新4栋,茶港门,117.0,424.0,学生宿舍,交通枢纽,4.0,0.0,3,3,1,246019.81722992603,3382039.693826732,245696.89122729911,3381800.0813773107,402.11357735146686,-1
2411161127215,2408241144961,fd8a23bf-f623-4aa9-a487-f884d6ae2f13,mangguo,114.35318992914571,30.535311890654803,114.3523853383171,30.543992574780805,2024-11-16 03:27:46,2024-11-16 03:34:23,965.4466213166156,397.0,非工作日,431.0,1139.0,牌坊,工学部学生新4栋,378.0,117.0,交通枢纽,学生宿舍,0.0,4.0,3,3,1,246058.4929953868,3381086.072417652,246003.88753036343,3382050.3562724297,965.8287163859814,-1
2411161128221,2408241144891,6640c07d-883f-43fa-a957-46cbf447ff35,mangguo,114.36074901970674,30.545334895795555,114.36621377592382,30.53481698805442,2024-11-16 03:28:00,2024-11-16 03:39:00,1278.5231115867475,660.0,非工作日,1213.0,470.0,未知,珞东二门,-1.0,382.0,其他,交通枢纽,2.0,0.0,3,3,1,246810.0118263485,3382180.352912844,247307.1805115586,3381001.9142196737,1279.020897059464,-1
262569572640494121,100605663,c9c118d1-2d1e-45e4-bcde-bf647b3ab7e3,zhiyin,114.35944248542545,30.53814705323063,114.36852191365789,30.539737102204025,2024-11-16 03:28:05,2024-11-16 03:32:36,940.0,271.0,非工作日,691.0,141.0,武汉大学总务后勤部,枫园学生9舍,314.0,157.0,其他,学生宿舍,2.0,4.0,3,3,1,246665.95194282522,3381386.3417875865,247541.44473201912,3381542.252634972,889.2670106683107,-1
262569793819254515,100606410,1871f42d-c438-4cee-bddb-067495c8dfe7,zhiyin,114.3587295741215,30.53456823263188,114.35361264222551,30.545272232081928,2024-11-16 03:29:49,2024-11-16 03:38:20,1828.0,511.0,非工作日,377.0,1172.0,武汉大学东中区11栋,中区004栋,178.0,18.0,教工宿舍,教工宿舍,7.0,7.0,3,3,1,246588.23134172018,3380991.145172831,246125.0012405377,3382189.470863571,1284.7437829110193,-1
2411161129271,2409092233171,c29fd4f9-2ae0-43ee-92a5-0c440bdc2253,mangguo,114.35202978241898,30.54497977956821,114.35864969077504,30.54510459964996,2024-11-16 03:29:53,2024-11-16 03:33:24,635.3617942379022,211.0,非工作日,1168.0,1123.0,中区068栋,工学部学生7舍,21.0,116.0,教工宿舍,学生宿舍,7.0,4.0,3,3,1,245972.33850095703,3382160.614503692,246607.94981412683,3382159.540503315,635.6122205450725,-1
262570242654345620,100605855,d2a45835-3335-4122-b95a-7e9cddb53f2d,zhiyin,114.360133267949,30.54364426114892,114.35210450131906,30.53433722698771,2024-11-16 03:33:17,2024-11-16 03:42:40,1868.0,563.0,非工作日,1090.0,426.0,工学部15舍,武汉大学信息学部教工宿舍34栋,96.0,225.0,学生宿舍,教工宿舍,4.0,7.0,3,3,1,246746.52855027476,3381994.288949215,245951.77905823247,3380980.4540474205,1288.2111485303133,-1
2411161135437,2408282046312,c748409d-9950-4c9c-8b42-09e2d6253604,mangguo,114.3519977782564,30.546188778510672,114.3604935171262,30.54399967505105,2024-11-16 03:35:25,2024-11-16 03:44:23,850.5627908180046,538.0,非工作日,1167.0,1113.0,西区006栋,工学部4舍,426.0,102.0,教工宿舍,学生宿舍,7.0,4.0,3,3,1,245972.41799724323,3382294.734428552,246782.0238983915,3382032.8852976426,850.8975746422733,-1
262570899784337042,100605663,c9c118d1-2d1e-45e4-bcde-bf647b3ab7e3,zhiyin,114.36851691759334,30.539736108108887,114.3594307761715,30.53496311978108,2024-11-16 03:38:23,2024-11-16 03:53:12,1428.0,889.0,非工作日,141.0,380.0,枫园学生9舍,武汉大学新工会大楼,157.0,317.0,学生宿舍,教学区域,4.0,6.0,3,3,1,247540.96268168482,3381542.1536133005,246656.55598010423,3381033.3509756695,1020.3211934783087,-1
262570996416387650,100605736,69cbfce1-9272-4e60-ab50-07779bc17821,zhiyin,114.36853793410113,30.539362209107747,114.35940453150133,30.53808812562383,2024-11-16 03:39:09,2024-11-16 03:45:17,977.0,368.0,非工作日,137.0,690.0,枫园学生7舍,梅园食堂,155.0,169.0,学生宿舍,食堂,4.0,10.0,3,3,1,247542.0114960258,3381500.650762599,246662.15629369667,3381379.893574497,888.1033022930943,-1
262571103788471623,100606160,0591a636-f183-4fd3-ba14-be0741308a5c,zhiyin,114.36876172461842,30.53979881508248,114.35943649834036,30.53807308607973,2024-11-16 03:39:58,2024-11-16 03:45:26,968.0,328.0,非工作日,140.0,691.0,武汉大学国际教育学院,武汉大学总务后勤部,304.0,314.0,教学区域,其他,6.0,2.0,3,3,1,247564.61936090337,3381548.5575296464,246665.18516323937,3381378.154177495,915.4338743743276,-1
2411161141659,2408282046328,041dc878-af7f-4635-b446-ebf8f612ed6e,mangguo,114.36056098909454,30.54735587278463,114.3597412838329,30.54487862945121,2024-11-16 03:41:29,2024-11-16 03:51:54,285.6725513033261,625.0,非工作日,1236.0,1124.0,尖端科技楼,工学部1舍,88.0,99.0,教学区域,学生宿舍,6.0,4.0,3,3,1,246797.2173480789,3382404.850713113,246712.1182863335,3382132.0305775,285.78431850930303,-1
2411161142687,2408282047458,dd05567f-c0f8-49fa-a215-fc2255dacea9,mangguo,114.35980286909717,30.5451777601448,114.37167202600128,30.537385674169464,2024-11-16 03:42:02,2024-11-16 03:51:49,1429.482606308448,587.0,非工作日,1124.0,102.0,工学部1舍,杨波门,99.0,147.0,学生宿舍,交通枢纽,4.0,0.0,3,3,1,246718.8056391474,3382165.058077299,247837.6820717259,3381274.4841342135,1430.0372091251409,-1
262571380810720078,100605542,76beb79c-804b-4da9-948a-d1b3dcb0f6cb,zhiyin,114.35895032886762,30.534605909259827,114.3516092901598,30.544064776707827,2024-11-16 03:42:08,2024-11-16 03:55:55,2290.0,827.0,非工作日,378.0,1152.0,武汉大学东中区16栋,工学部学生新4栋,181.0,117.0,教工宿舍,学生宿舍,7.0,4.0,3,3,1,246609.51645365512,3380994.8259927034,245929.6005426809,3382060.112129201,1263.7722099374432,-1
2411161143711,2408241144958,3873abba-7912-460e-9840-6c5d754ab4d5,mangguo,114.36529679697288,30.54316758795007,114.3604935171262,30.54399967505105,2024-11-16 03:43:03,2024-11-16 03:53:54,470.0445944641501,651.0,非工作日,914.0,1113.0,湖滨学生3舍,工学部4舍,374.0,102.0,学生宿舍,学生宿舍,4.0,4.0,3,3,1,247240.82176549596,3381929.8384819613,246782.0238983915,3382032.8852976426,470.22774171847857,-1
2411161145813,2408241143785,3f2cd7d4-f4a0-400d-85a0-bb0771f1c61f,mangguo,114.35231382026436,30.53091178206684,114.35584226578844,30.52731331097638,2024-11-16 03:45:43,2024-11-16 03:55:30,523.2724011100225,587.0,非工作日,187.0,44.0,武汉大学信息部学生宿舍15、16舍,南门,245.0,67.0,学生宿舍,交通枢纽,4.0,0.0,3,3,1,245962.9461345089,3380600.1865309007,246292.24657559916,3380193.2569588977,523.4791849469733,-1
262571952053951975,100605684,8945c3b8-a049-4f58-a39d-e1a6ed181c0f,zhiyin,114.3587686838169,30.544267950407885,114.35196766611983,30.534461402348683,2024-11-16 03:46:33,2024-11-16 03:56:31,2201.0,598.0,非工作日,1097.0,436.0,工学部5舍,牌坊,104.0,378.0,学生宿舍,交通枢纽,4.0,0.0,3,3,1,246617.1943091789,3382066.509564026,245938.96957719253,3380994.5305559174,1268.5140050086243,-1
2411161150962,2409092233042,c4c73ac2-b482-48fa-a3d8-c4dd9b125a41,mangguo,114.3523108170149,30.544410809638485,114.356052310384,30.546418259995743,2024-11-16 03:50:21,2024-11-16 03:54:30,422.39565275986064,249.0,非工作日,1140.0,1247.0,未知,工学部A教学楼,-1.0,110.0,其他,教学区域,2.0,6.0,3,3,1,245997.8257329029,3382096.896110279,246362.10818364864,3382311.0392949963,422.5624302776955,-1
2411161151984,2409092233058,d8916bb6-3465-4dd1-986f-22060ff2e609,mangguo,114.35982787307616,30.54491876314497,114.36068710476474,30.54608395392636,2024-11-16 03:51:03,2024-11-16 03:54:47,153.2438441913762,224.0,非工作日,1124.0,1216.0,工学部1舍,武汉大学青年互助服务中心,99.0,345.0,学生宿舍,教学区域,4.0,6.0,3,3,1,246720.53219484296,3382136.285646038,246806.0158571469,3382263.543636384,153.30379195490502,-1
262572931300200194,100606312,73f8bcc2-1bf0-4b1d-957e-48153b220a89,zhiyin,114.35267892817964,30.543971122042755,114.36841692723767,30.540508962178144,2024-11-16 03:54:09,2024-11-16 04:02:32,1837.0,503.0,非工作日,1137.0,148.0,中国银行武大水大支行,留学生宿舍3号楼,24.0,396.0,其他,学生宿舍,2.0,6.0,3,4,1,246032.00663209017,3382047.3156085094,247533.36784663843,3381628.0673017893,1558.799101628386,-1
2411161154122,2408282045233,4eb8ac20-0c87-4368-b2b5-86ab4506784b,mangguo,114.35572126722629,30.53091418621779,114.35578827392966,30.54396522163578,2024-11-16 03:54:24,2024-11-16 04:04:11,1446.872293570901,587.0,非工作日,261.0,994.0,未知,世纪广场,-1.0,13.0,其他,文娱场地,2.0,8.0,3,4,1,246289.99926487703,3380592.775002301,246330.3863109262,3382039.6538401344,1447.4423943142176,-1
2411161155163,2408282050705,041dc878-af7f-4635-b446-ebf8f612ed6e,mangguo,114.35986887953042,30.54491076892743,114.3554512267584,30.546275184241782,2024-11-16 03:55:19,2024-11-16 04:03:58,450.0715865190648,519.0,非工作日,1124.0,1248.0,工学部1舍,图书馆工学分馆,99.0,77.0,学生宿舍,教学区域,4.0,6.0,3,4,1,246724.4466486543,3382135.307068415,246304.0529942445,3382296.5297460747,450.2483497579857,-1
262573238387221289,100605554,4bea6915-669e-4a2f-8f42-5a2235013f12,zhiyin,114.3572394637411,30.543517392350573,114.35990288503776,30.544094772062035,2024-11-16 03:56:32,2024-11-16 04:10:50,1519.0,858.0,非工作日,972.0,1098.0,能源动力工程与装备综合实验室,工学部4舍,403.0,102.0,教学区域,学生宿舍,6.0,4.0,3,4,1,246468.48801325407,3381986.7331556776,246725.5898551743,3382044.7572478955,263.56811718507834,-1
262573287792451261,100605155,7c1667b1-de07-4894-a36f-cbfa7d35b713,zhiyin,114.3572724251087,30.54352834082773,114.3598565249686,30.54406250122608,2024-11-16 03:56:55,2024-11-16 04:07:03,1555.0,608.0,非工作日,972.0,1098.0,能源动力工程与装备综合实验室,工学部4舍,403.0,102.0,教学区域,学生宿舍,6.0,4.0,3,4,1,246471.67970708845,3381987.872865432,246721.0569790008,3382041.283490106,255.03277941182355,-1
262573530441323094,100605684,dffafa21-ec34-49cc-a5cd-5cb0fc3f6bf6,zhiyin,114.35196766611983,30.534461402348683,114.35923067202042,30.538632187856543,2024-11-16 03:58:48,2024-11-16 04:03:52,1070.0,304.0,非工作日,436.0,693.0,牌坊,武汉大学梅园四、五舍,378.0,328.0,交通枢纽,学生宿舍,0.0,4.0,3,4,1,245938.96957719253,3380994.5305559174,246646.88423411126,3381440.6072699768,836.7362764374076,-1
2411171105957,2408241144069,c13d6920-2055-49cc-af7a-456c9ac3223e,mangguo,114.35766254267112,30.54557546741403,114.35258785441268,30.53002781099917,2024-11-17 03:05:46,2024-11-17 03:17:59,1791.10902782589,733.0,非工作日,1020.0,180.0,工学部A教学楼,武汉大学信息部学生宿舍11舍,110.0,242.0,教学区域,学生宿舍,6.0,4.0,3,3,1,246514.44178351777,3382213.9693273148,245986.94575767996,3380501.558602626,1791.8154333814248,-1
262752641316033070,100606489,045df4da-2228-40b0-a3ec-9fc1983c1d51,zhiyin,114.35298179632396,30.54109761420513,114.36010603351544,30.546656279402377,2024-11-17 03:08:54,2024-11-17 03:37:04,4243.0,1690.0,非工作日,800.0,1221.0,计算机学院,工学部9舍,442.0,108.0,教学区域,学生宿舍,6.0,4.0,3,3,1,246053.5867557698,3381728.0327825514,246751.74046846153,3382328.3065780597,920.7319024119978,-1
262754522519046260,100606292,641da076-ee78-4912-a682-f50383b02074,zhiyin,114.3529123072232,30.5362483322214,114.36217325487851,30.538578091867763,2024-11-17 03:23:29,2024-11-17 03:30:59,1284.0,450.0,非工作日,449.0,711.0,武汉大学本科生院,珞珈山,319.0,386.0,教学区域,山体,6.0,5.0,3,3,1,246034.2869668444,3381190.526053057,246929.14988181862,3381427.9946152996,925.8352740362144,-1
262755581236877942,100605598,9562263f-2dd2-4a45-b2d0-69867e1fe578,zhiyin,114.34904488698886,30.541776691031487,114.35147346719832,30.544052996649008,2024-11-17 03:31:42,2024-11-17 03:34:41,494.0,179.0,非工作日,24.0,1152.0,茶港门,工学部学生新4栋,424.0,117.0,交通枢纽,学生宿舍,0.0,4.0,3,3,1,245677.53269670543,3381812.2084455853,245916.53529453703,3382059.1124336766,343.6332654235161,-1
2411171132215,2409092232868,3d7fb1c5-dc55-4935-b666-1f6fa1ec15fa,mangguo,114.3662899792201,30.53488973277453,114.3670510311688,30.53962337689546,2024-11-17 03:32:19,2024-11-17 03:38:23,529.8366052191161,364.0,非工作日,478.0,847.0,珞东二门,枫园学生4舍,382.0,152.0,交通枢纽,学生宿舍,0.0,4.0,3,3,1,247314.6826747644,3381009.808805671,247399.9883015103,3381532.9410767355,530.04190681828,-1
2411171133222,2408282049589,8b314fb8-2c5a-48e9-83a4-b0c6c6ca6f65,mangguo,114.35416405424655,30.541019016672703,114.35457587949485,30.530928636646408,2024-11-17 03:33:01,2024-11-17 03:42:11,1119.3327967674857,550.0,非工作日,954.0,251.0,风雨操场,信息学部4舍,453.0,36.0,运动场地,学生宿舍,1.0,4.0,3,3,1,246166.84341337453,3381716.653309744,246180.1025692576,3380596.957014653,1119.7747980978738,-1
2411171146371,2408282048504,2ee732fe-e45c-4a8a-b640-17d005fa76fc,mangguo,114.36066700636896,30.54603688537492,114.3577230029438,30.54541014439924,2024-11-17 03:46:37,2024-11-17 03:49:39,290.9083326481523,182.0,非工作日,1216.0,1019.0,武汉大学青年互助服务中心,工学部5教学楼,345.0,103.0,教学区域,教学区域,6.0,6.0,3,3,1,246803.96485208697,3382258.370116271,246519.8139605026,3382195.5030970452,291.02232095586214,-1
263864818829630708,100605315,4bf3163c-5c8e-425d-a804-707cf4063301,zhiyin,114.36852094412166,30.539397216411693,114.3586976849126,30.54514875299752,2024-11-23 03:00:31,2024-11-23 03:11:45,1672.0,674.0,非工作日,137.0,1123.0,枫园学生7舍,工学部学生7舍,155.0,116.0,学生宿舍,学生宿舍,4.0,4.0,3,3,1,247540.47159447282,3381504.570248428,246612.67038896863,3382164.3280065195,1138.4618466585412,-1
263865153845991574,100605929,06a4047c-6d72-45be-9883-271a5ff24797,zhiyin,114.35299985364496,30.528722647862445,114.358790654281,30.544329898509183,2024-11-23 03:03:08,2024-11-23 03:17:36,2851.0,868.0,非工作日,173.0,1097.0,南二门,工学部5舍,60.0,104.0,交通枢纽,学生宿舍,0.0,4.0,3,3,1,246023.0913313427,3380355.9202221073,246619.46376552465,3382073.3286091806,1818.007604011014,-1
263865735808291601,100605100,8837a1ee-579a-4948-b631-75312d2c46e7,zhiyin,114.352301533644,30.531077979280766,114.3588495832807,30.544402790845744,2024-11-23 03:07:39,2024-11-23 03:17:06,2472.0,567.0,非工作日,187.0,1099.0,武汉大学信息部学生宿舍15、16舍,工学部2舍,245.0,100.0,学生宿舍,学生宿舍,4.0,4.0,3,3,1,245962.19975849552,3380618.641312835,246625.30845003788,3382081.277943742,1605.932455264088,-1
263866111616882566,100606079,9e09f9f2-070c-4e6f-bec3-5385d2f31799,zhiyin,114.35197391462772,30.542979564422968,114.3593289877302,30.54524583371297,2024-11-23 03:10:34,2024-11-23 03:15:16,875.0,282.0,非工作日,820.0,1125.0,武汉大学工学部集贸市场,工学部学生7舍,313.0,116.0,食堂,学生宿舍,10.0,4.0,3,3,1,245961.76444882108,3381938.9667472052,246673.50617123194,3382173.6715688184,749.4415472262303,-1
2411231113434,2408241144854,d1626595-f8a1-4484-8608-623dc85181ed,mangguo,114.36780126072703,30.543813004392685,114.3524460993048,30.52900374079672,2024-11-23 03:13:47,2024-11-23 03:27:08,2206.065192848185,801.0,非工作日,925.0,171.0,未知,南二门,-1.0,60.0,其他,交通枢纽,2.0,0.0,3,3,1,247482.84070335317,3381995.7806480806,245970.67282651746,3380388.334675486,2206.928689954407,-1
263866693578658248,100606146,d7384137-95fb-4066-91d7-23cdfd913545,zhiyin,114.3539561851406,30.53417839782921,114.36720696528609,30.539655624690067,2024-11-23 03:15:05,2024-11-23 03:22:17,1824.0,432.0,非工作日,308.0,847.0,武汉大学信息学部教工宿舍39栋,枫园学生4舍,229.0,152.0,教工宿舍,学生宿舍,7.0,4.0,3,3,1,246129.08406395424,3380958.66962159,247415.03699026012,3381536.166842706,1409.6730007598676,-1
263866850352303917,100606246,1ea33c6c-133f-4d23-92c9-ec8577a45b1f,zhiyin,114.36179438754732,30.53413417856582,114.36827246008076,30.535697718565253,2024-11-23 03:16:17,2024-11-23 03:19:37,643.0,200.0,非工作日,360.0,85.0,武汉大学北三区9栋,珞东门,275.0,383.0,教工宿舍,交通枢纽,7.0,0.0,3,3,1,246881.25383474023,3380936.1295153955,247507.04459729727,3381094.948463778,645.6295662894046,-1
263867000680876003,100605986,60306106-9251-4e08-8fdb-4e8432a2f1e6,zhiyin,114.35361782641915,30.54308896073257,114.35197491229846,30.542991558813505,2024-11-23 03:17:27,2024-11-23 03:23:29,182.0,362.0,非工作日,832.0,820.0,南区053栋,武汉大学工学部集贸市场,66.0,313.0,教工宿舍,食堂,7.0,10.0,3,3,1,246119.8125717757,3381947.389202592,245961.89145036114,3381940.294374279,158.08041364323265,-1
263868241928528618,100606218,d1a05f17-2711-4cde-875e-e3f605e71716,zhiyin,114.35947445369736,30.538116019019835,114.36025314110596,30.543649095130192,2024-11-23 03:27:05,2024-11-23 03:31:54,1046.0,289.0,非工作日,691.0,1090.0,武汉大学总务后勤部,工学部15舍,314.0,96.0,其他,学生宿舍,2.0,4.0,3,3,1,246668.93939140262,3381382.8289867593,246758.045004575,3381994.5553674055,618.1819918740432,-1
263869272704419631,100605986,60306106-9251-4e08-8fdb-4e8432a2f1e6,zhiyin,114.35197491229846,30.542991558813505,114.35552651174868,30.54297509943513,2024-11-23 03:35:05,2024-11-23 03:39:47,463.0,282.0,非工作日,820.0,974.0,武汉大学工学部集贸市场,樱花城堡,313.0,172.0,食堂,文娱场地,10.0,8.0,3,3,1,245961.89145036114,3381940.294374279,246302.68897055025,3381930.4638576205,340.9392743947578,-1
2411231135047,2408282044162,fba61a61-fb28-4e99-8272-ccb02b265a7d,mangguo,114.35501216660292,30.546706130910287,114.354490097992,30.538612050787044,2024-11-23 03:35:38,2024-11-23 03:52:36,898.7202883891355,1018.0,非工作日,1031.0,610.0,工学部10教学楼,武汉大学化学与分子科学学院,91.0,256.0,教学区域,教学区域,6.0,6.0,3,3,1,246263.04051336274,3382345.30008226,246191.8679618639,3381449.046720166,899.0748696025887,-1
2411231139165,2408241144864,35fedc9b-cb67-4943-a6a9-2c700a17e5d2,mangguo,114.35672740797192,30.53788432886431,114.35432107498384,30.54116803574854,2024-11-23 03:39:36,2024-11-23 03:52:44,431.095368209048,788.0,非工作日,593.0,634.0,武汉大学总图书馆,文理学部教六楼,315.0,137.0,教学区域,教学区域,6.0,6.0,3,3,1,246404.69519072497,3381363.321688912,246182.30067301414,3381732.821915145,431.26527647631156,-1
2411231143288,2408282050716,d03ab2b8-99d5-47e7-b6d5-1143b36d2d89,mangguo,114.35922777950933,30.544776678721888,114.35455701488542,30.53005176603104,2024-11-23 03:43:32,2024-11-23 04:03:23,1692.84225078098,1191.0,非工作日,1099.0,245.0,工学部2舍,信息学部2舍,100.0,34.0,学生宿舍,学生宿舍,4.0,4.0,3,4,1,246662.5743395681,3382121.8818326946,246176.00993789075,3380499.776776217,1693.50811371844,-1
2411231146395,2408282048485,420fe4f1-9cab-41f0-889d-9774c38b0ca9,mangguo,114.35604730967324,30.54645825944408,114.36621377592382,30.53481698805442,2024-11-23 03:46:56,2024-11-23 03:57:47,1617.8058798590755,651.0,非工作日,1247.0,470.0,工学部A教学楼,珞东二门,110.0,382.0,教学区域,交通枢纽,6.0,0.0,3,3,1,246361.73237894545,3382315.4854894076,247307.1805115586,3381001.9142196737,1618.4380285113923,-1
2411231148431,2409092233176,88ef1e31-1316-48dd-ab6d-e6754e8f0f65,mangguo,114.3525168457816,30.529071801004964,114.35280473460509,30.54386751623772,2024-11-23 03:48:09,2024-11-23 03:59:22,1640.5083058998548,673.0,非工作日,174.0,1136.0,南二门,南区007栋,60.0,61.0,交通枢纽,教工宿舍,0.0,7.0,3,3,1,245977.64046513557,3380395.7213314003,246043.8100076362,3382035.544631408,1641.1577814466796,-1
2411231153603,2409092232984,cce64076-e0a3-4c46-8826-57a4bd3c999b,mangguo,114.3537119944762,30.54395496923312,114.3526598603589,30.544342848744225,2024-11-23 03:53:12,2024-11-23 04:09:24,109.734320245335,972.0,非工作日,1005.0,1137.0,武汉大学社区卫生服务中心,中国银行武大水大支行,331.0,24.0,医院,其他,3.0,2.0,3,4,1,246131.10502808815,3382043.1955204983,246031.14523297924,3382088.5737804286,109.77771683049525,-1
263871712250039601,100605081,e8f11e0e-f8a3-4a32-816a-705f2a838aa0,zhiyin,114.35836708561015,30.544745357948308,114.35942152723024,30.53792715527542,2024-11-23 03:54:01,2024-11-23 04:00:42,1165.0,401.0,非工作日,1100.0,688.0,教育技术与教学服务中心,梅园食堂,131.0,169.0,教学区域,食堂,6.0,10.0,3,4,1,246579.89540806544,3382120.3455813746,246663.36918317917,3381362.0078345644,762.9180882433316,-1
263872090210832630,100606049,bfc72f2e-0e01-4c46-a80f-1a9531ded0e6,zhiyin,114.36386737320927,30.534184478002707,114.36256778561382,30.53225077718919,2024-11-23 03:56:57,2024-11-23 03:59:57,325.0,180.0,非工作日,461.0,328.0,武汉大学南三区25栋,南三门,284.0,59.0,教工宿舍,交通枢纽,7.0,0.0,3,3,1,247080.3422483376,3380937.050626212,246950.59495317642,3380725.57116583,248.10869143394498,-1
2411231157754,2408241144886,54c55476-9951-4525-9e20-66b700fb0d5e,mangguo,114.35343795948076,30.54200693320573,114.35952482627788,30.54135971315493,2024-11-23 03:57:32,2024-11-23 04:03:01,588.4740518081366,329.0,非工作日,824.0,1040.0,桂园3舍,梅园操场,161.0,168.0,学生宿舍,运动场地,4.0,1.0,3,4,1,246099.73297509635,3381827.8250023266,246682.2017396004,3381742.358910719,588.7056263002397,-1
263872377968926929,100606131,19c888ff-8ec0-4672-9934-13c73c8b4545,zhiyin,114.35271307122808,30.530379560251827,114.36864542319316,30.539774140776963,2024-11-23 03:59:11,2024-11-23 04:14:33,2627.0,922.0,非工作日,180.0,140.0,武汉大学信息部学生宿舍11舍,武汉大学国际教育学院,242.0,304.0,学生宿舍,教学区域,4.0,6.0,3,4,1,245999.8802269239,3380540.276415273,247553.39394138093,3381546.082437844,1850.6892273004682,-1
264050616974189036,100606174,f8422366-26f7-4c8f-be26-ad173e7c4964,zhiyin,114.36310815606076,30.544902878894145,114.35960978788928,30.544071839622774,2024-11-24 03:02:31,2024-11-24 03:08:11,1201.0,340.0,非工作日,1109.0,1098.0,工学部田径场,工学部4舍,119.0,102.0,运动场地,学生宿舍,1.0,4.0,3,3,1,247035.28640601874,3382127.1518124603,246697.40266519776,3382042.8737973305,348.2358484495629,-1
264050657771130698,100606171,eb124df6-2daf-4439-a884-1f1537ee5c55,zhiyin,114.35695871872724,30.54428654163717,114.35984087474468,30.546953769163835,2024-11-24 03:02:49,2024-11-24 03:20:07,2029.0,1038.0,非工作日,995.0,1225.0,基础制造实验室,工学部12舍,79.0,95.0,教学区域,学生宿舍,6.0,4.0,3,3,1,246443.5462632361,3382072.6444101054,246727.06772270662,3382361.8869752516,405.02552940850995,-1
264050698573323943,100606456,e17bf743-39a7-40f2-bdab-4108bc22d706,zhiyin,114.35964572303348,30.532926487601834,114.35232568180496,30.529026604728266,2024-11-24 03:03:08,2024-11-24 03:13:23,1596.0,615.0,非工作日,346.0,171.0,东中区24栋,南二门,15.0,60.0,教工宿舍,交通枢纽,7.0,0.0,3,3,1,246671.89514119836,3380807.057046597,245959.17446654945,3380391.141205639,825.2010341920412,-1
264050924052289926,100606243,09b9331f-aeb9-4064-9bcc-30b8972ae2ac,zhiyin,114.35762886525622,30.54529622846461,114.360161239723,30.543629227817355,2024-11-24 03:04:53,2024-11-24 03:07:23,429.0,150.0,非工作日,1020.0,1090.0,工学部A教学楼,工学部15舍,110.0,96.0,教学区域,学生宿舍,6.0,4.0,3,3,1,246510.48373581175,3382183.0845863707,246749.17386879557,3381992.5592359873,305.406104592852,-1
264051763726256882,100605964,c5afe1a7-4354-4492-9fac-4189712f2fa0,zhiyin,114.35729369086832,30.528756176606727,114.35303467269472,30.53029408630933,2024-11-24 03:11:25,2024-11-24 03:14:29,542.0,184.0,非工作日,74.0,180.0,信息学部附四号教学楼,武汉大学信息部学生宿舍11舍,45.0,242.0,教学区域,学生宿舍,6.0,4.0,3,3,1,246435.31022413637,3380349.9668402122,246030.5251609805,3380530.0745354425,443.0459674066168,-1
264052053636024979,100606348,e17bf743-39a7-40f2-bdab-4108bc22d706,zhiyin,114.35503809060114,30.531597594105303,114.3521499100758,30.5289858945805,2024-11-24 03:13:40,2024-11-24 03:18:31,686.0,291.0,非工作日,252.0,171.0,武汉大学图书馆信息科学分馆,南二门,306.0,60.0,教学区域,交通枢纽,6.0,0.0,3,3,1,246226.20623224895,3380670.0862422423,245942.1975135583,3380387.023801687,400.9804204014295,-1
2411241114038,2409092232881,ee4f8ede-535a-47da-9760-ea2e1534b730,mangguo,114.36204423290928,30.54098507751415,114.351448712908,30.542235710363183,2024-11-24 03:14:44,2024-11-24 03:21:01,1026.1351896644023,377.0,非工作日,1043.0,816.0,中国儿童发展与保障研究所,武汉大学工学部集贸市场,22.0,313.0,教学区域,食堂,6.0,10.0,3,3,1,246923.01535972595,3381695.157745205,245909.42295963815,3381857.6767150173,1026.538829789035,-1
2411241114041,2408282050716,12ae8703-3655-4d8d-ade4-f64d5191c0c9,mangguo,114.35674741256068,30.529153313315,114.35206178964698,30.529470751035856,2024-11-24 03:14:55,2024-11-24 03:19:23,451.0547689078175,268.0,非工作日,229.0,174.0,武汉大学信息学部学生活动中心,南二门,210.0,60.0,文娱场地,交通枢纽,6.0,0.0,3,3,1,246383.9099347959,3380395.2286858554,245935.00249533536,3380440.980844785,451.2329212831644,-1
2411241116075,2408241143780,96a2b13f-454a-4d2a-a4f7-2f619ce4fa28,mangguo,114.35493015659726,30.541247109648207,114.35992618207888,30.546414115044872,2024-11-24 03:16:32,2024-11-24 03:27:18,746.9593648335209,646.0,非工作日,957.0,1132.0,文理学部教六楼,工学部11舍,137.0,94.0,教学区域,学生宿舍,6.0,4.0,3,3,1,246240.95999340853,3381740.2168026757,246733.85191856316,3382301.8611556524,747.2528548712636,-1
2411241116087,2409092233252,e345e942-39cd-4d2b-91c3-9dfbfad4c39b,mangguo,114.36017592830508,30.54368081001904,114.35454510512716,30.53963005952518,2024-11-24 03:16:56,2024-11-24 03:35:29,702.5772241235577,1113.0,非工作日,1090.0,626.0,工学部15舍,未知,96.0,-1.0,学生宿舍,其他,4.0,2.0,3,3,1,246750.71749808665,3381998.245362811,246199.79713134698,3381561.79427465,702.8533295398685,-1
2411241117092,2409092232849,1fca4c7c-76c0-484d-8928-a79642314709,mangguo,114.36838537353162,30.536322088742114,114.36039496482093,30.534700822773925,2024-11-24 03:17:03,2024-11-24 03:28:37,787.5752636129494,694.0,非工作日,96.0,374.0,武汉大学九区1栋,武汉大学北三区7栋,199.0,273.0,教工宿舍,教工宿舍,7.0,7.0,3,3,1,247519.49807915164,3381163.921896279,246748.4135824187,3381002.1009854698,787.8815318796266,-1
264052536818273631,100605313,7dd738b5-5328-4612-a8be-f1947f23650c,zhiyin,114.35955085796306,30.54399394771696,114.3491167845376,30.54183555319829,2024-11-24 03:17:25,2024-11-24 03:23:45,1212.0,380.0,非工作日,1098.0,24.0,工学部4舍,茶港门,102.0,424.0,学生宿舍,交通枢纽,4.0,0.0,3,3,1,246691.54493905653,3382034.370103084,245684.58622165048,3381818.572445946,1029.822551406984,-1
264053352859442126,100606348,36c5ec09-82fb-4a8a-b27b-96719f61bf9e,zhiyin,114.3521499100758,30.5289858945805,114.36395140846604,30.54432499990564,2024-11-24 03:23:44,2024-11-24 03:39:49,2502.0,965.0,非工作日,171.0,1181.0,南二门,湖滨学生16舍,60.0,372.0,交通枢纽,学生宿舍,0.0,4.0,3,3,1,245942.1975135583,3380387.023801687,247114.71068930722,3382061.1860120078,2043.9193364148098,-1
264053378638155259,100606372,d1a05f17-2711-4cde-875e-e3f605e71716,zhiyin,114.3594464806835,30.538152046013344,114.36009630579302,30.54365830718736,2024-11-24 03:23:56,2024-11-24 03:30:32,1025.0,396.0,非工作日,691.0,1090.0,武汉大学总务后勤部,工学部15舍,314.0,96.0,其他,学生宿舍,2.0,4.0,3,3,1,246666.34835081646,3381386.8863747963,246743.01788551762,3381995.929413962,613.8498522503131,-1
2411241130387,2409092233265,3bb93cd0-f031-4339-81b5-717b7f50c27e,mangguo,114.3588207170145,30.54426662138612,114.35218880217772,30.54359279435597,2024-11-24 03:30:37,2024-11-24 03:39:45,640.7399148045971,548.0,非工作日,1097.0,1135.0,工学部5舍,西区040栋,104.0,427.0,学生宿舍,教工宿舍,4.0,7.0,3,3,1,246622.18430788547,3382066.245143459,245983.98475677433,3382006.4739005896,640.9924090912766,-1
264054381503584112,100605313,d4e277ae-324c-40fc-9ed0-ed9c43530971,zhiyin,114.3491167845376,30.54183555319829,114.3643191379856,30.54352380834736,2024-11-24 03:31:44,2024-11-24 03:44:17,1733.0,753.0,非工作日,24.0,911.0,茶港门,湖滨食堂,424.0,376.0,交通枢纽,食堂,0.0,10.0,3,3,1,245684.58622165048,3381818.572445946,247147.92220431534,3381971.528707844,1471.308198922197,-1
264054591959605038,100605905,d7df0311-5faf-451d-a85e-0af7f21c2f0b,zhiyin,114.3598392809121,30.547065507711945,114.36401042717928,30.54348220965836,2024-11-24 03:33:21,2024-11-24 03:44:01,1331.0,640.0,非工作日,1228.0,911.0,工学部10舍,湖滨食堂,92.0,376.0,学生宿舍,食堂,4.0,10.0,3,3,1,246727.20512579684,3382374.279533316,247118.1881765434,3381967.609597355,564.1348976844392,-1
264055687187271912,100606166,137ba887-69a4-487f-9b2e-8e2883e4ed0d,zhiyin,114.34907283946268,30.541887607933155,114.35385162698884,30.542051949047902,2024-11-24 03:41:51,2024-11-24 03:46:26,628.0,275.0,非工作日,24.0,958.0,茶港门,桂园6舍,424.0,163.0,交通枢纽,学生宿舍,0.0,4.0,3,3,1,245680.50463410112,3381824.4432458975,246139.54949811098,3381831.883668168,459.10515904027403,-1
264055691477519182,100605040,a2bd32dd-2a7c-4db3-93a2-b52664550be8,zhiyin,114.35459500162798,30.53876491018356,114.358844761414,30.542424463635435,2024-11-24 03:41:54,2024-11-24 03:52:17,1980.0,623.0,非工作日,610.0,1066.0,武汉大学化学与分子科学学院,数学与统计学院,256.0,132.0,教学区域,教学区域,6.0,6.0,3,3,1,246202.33371676103,3381465.7586012487,246619.70361897783,3381861.94244658,575.4643990535446,-1
2411241144675,2408282046301,ee4f8ede-535a-47da-9760-ea2e1534b730,mangguo,114.35177375192374,30.54224474576901,114.36597879701355,30.54011799352984,2024-11-24 03:44:20,2024-11-24 03:54:22,1383.335070376775,602.0,非工作日,816.0,840.0,武汉大学工学部集贸市场,枫园一舍,313.0,149.0,食堂,学生宿舍,10.0,4.0,3,3,1,245940.6401616188,3381857.945268334,247298.36694483875,3381590.18640624,1383.8774606527486,-1
2411241145694,2408282047447,20361816-8c31-4e60-98f4-41fc424704cd,mangguo,114.35670840526808,30.537767326164406,114.36504383701318,30.544241690800245,2024-11-24 03:45:02,2024-11-24 03:56:48,1074.6850278652398,706.0,非工作日,593.0,1182.0,武汉大学总图书馆,湖滨食堂,315.0,376.0,教学区域,食堂,6.0,10.0,3,3,1,246402.56713218367,3381350.3918341654,247219.33110085945,3382049.4967065644,1075.1051126001769,-1
264056337861188669,100606456,7caa2d78-66da-4bc5-89d7-58d7b302c91d,zhiyin,114.35232568180496,30.529026604728266,114.36046492473102,30.54358182834622,2024-11-24 03:46:55,2024-11-24 03:58:43,2635.0,708.0,非工作日,171.0,1090.0,南二门,工学部15舍,60.0,96.0,交通枢纽,学生宿舍,0.0,4.0,3,3,1,245959.17446654945,3380391.141205639,246778.19455864828,3381986.6210025,1793.418437914771,-1
2411241147756,2409092232947,617ff93f-3cec-4306-ad20-f65310a8fb1b,mangguo,114.36465268168833,30.543457485336475,114.3582978309166,30.541701974153863,2024-11-24 03:47:40,2024-11-24 03:59:22,640.0968303512508,702.0,非工作日,910.0,1041.0,湖滨食堂,樱顶学生宿舍,376.0,173.0,食堂,学生宿舍,10.0,4.0,3,3,1,247179.75945180003,3381963.426399487,246565.33729720642,3381783.0672309306,640.3467917760207,-1
264056924136278246,100605772,a0ed1b42-5f30-4b12-a509-64473ef5b035,zhiyin,114.3532634978279,30.529006146885585,114.35874370526754,30.544199610670844,2024-11-24 03:51:27,2024-11-24 04:04:30,2732.0,783.0,非工作日,172.0,1097.0,信息学部学生宿舍7舍,工学部5舍,42.0,104.0,学生宿舍,学生宿舍,4.0,4.0,3,4,1,246049.13460320776,3380386.758841282,246614.61956003262,3382058.988616511,1765.2551253452455,-1
2411241159043,2408282046351,66a9bd26-a0bc-4a05-b3a5-740fc53f41dd,mangguo,114.35991388661562,30.544940775361127,114.35317528503546,30.536148669641808,2024-11-24 03:59:53,2024-11-24 04:10:22,1169.69398536081,629.0,非工作日,1124.0,447.0,工学部1舍,牌坊草坪,99.0,379.0,学生宿舍,文娱场地,4.0,8.0,3,4,1,246728.8437637652,3382138.5328033054,246059.26666575752,3381178.8831296996,1170.1542574499003,-1
265163694297586810,100605645,85eb6476-ca98-4d9c-b31a-f319dc68aadb,zhiyin,114.35883878246486,30.54225852774468,114.35361663978678,30.545243235730755,2024-11-30 03:01:08,2024-11-30 03:09:31,1451.0,503.0,非工作日,1065.0,1169.0,樱顶学生宿舍,中区043栋,173.0,20.0,学生宿舍,教工宿舍,4.0,7.0,3,3,1,246618.69853829622,3381843.5578153026,246125.30934866052,3382186.2468841765,600.7234724688333,-1
265163763029640615,100606051,ece82310-cfa2-4e13-8b3b-edce1dd5bc9c,zhiyin,114.35598561942564,30.546959068123208,114.35949736441306,30.53885574172953,2024-11-30 03:01:40,2024-11-30 03:16:35,2134.0,895.0,非工作日,1251.0,694.0,土木建筑工程学院结构楼,武汉大学梅园四、五舍,78.0,328.0,教学区域,学生宿舍,6.0,4.0,3,3,1,246357.11554596658,3382371.1515075024,246673.06013424663,3381464.7938910136,959.8464001238681,-1
2411301101265,2409092232963,37ace840-77dc-4be8-8662-8d0ed7419e13,mangguo,114.35584228406914,30.530958201515368,114.35325821099096,30.529512501708066,2024-11-30 03:01:55,2024-11-30 03:08:20,295.2744443557253,385.0,非工作日,261.0,179.0,未知,武汉大学信息学部四食堂,-1.0,209.0,其他,食堂,2.0,10.0,3,3,1,246301.72895032962,3380597.382673467,246049.945522482,3380442.912699966,295.3910412521592,-1
2411301103292,2408241144872,324ea864-e4df-4632-afc4-36465158e29f,mangguo,114.36037896064916,30.5435788388498,114.3521021721046,30.542351006041937,2024-11-30 03:03:00,2024-11-30 03:07:49,805.793660677319,289.0,非工作日,1090.0,827.0,工学部15舍,武汉大学第二附属小学,96.0,334.0,学生宿舍,其他,4.0,2.0,3,3,1,246769.9370523071,3381986.4828256597,245972.4351870719,3381868.9860861097,806.1108539515446,-1
2411301103298,2409092232022,a119eaa0-704e-4c7e-9b3e-21f7dce4b4ce,mangguo,114.35886872497966,30.5409776212132,114.3606830086724,30.54753489076377,2024-11-30 03:03:23,2024-11-30 03:21:56,747.5048534063113,1113.0,非工作日,1035.0,1238.0,梅园操场,洪波门,168.0,356.0,运动场地,交通枢纽,1.0,0.0,3,3,1,246618.2429406557,3381701.4704173813,246809.391818596,3382424.4249160965,747.7974998289473,-1
265164128095574806,100605243,b032afc7-8e70-47e1-99f0-f92d3c5d3a4a,zhiyin,114.35874571184756,30.54423599360911,114.35950542290068,30.53808698556266,2024-11-30 03:04:29,2024-11-30 03:10:40,1274.0,371.0,非工作日,1097.0,691.0,工学部5舍,武汉大学总务后勤部,104.0,314.0,学生宿舍,其他,4.0,2.0,3,3,1,246614.90669780294,3382063.018048221,246671.83615686698,3381379.540266428,685.8446190745445,-1
265164823881322650,100605017,62a93e1f-d9ca-4d5e-b593-23496d11f960,zhiyin,114.35326649921625,30.52894716124486,114.35144550357512,30.54405204148628,2024-11-30 03:09:53,2024-11-30 03:28:33,2037.0,1120.0,非工作日,172.0,1152.0,信息学部学生宿舍7舍,工学部学生新4栋,42.0,117.0,学生宿舍,学生宿舍,4.0,4.0,3,3,1,246049.2691073315,3380380.21206109,245913.84921511234,3382059.0696182502,1684.3103171455507,-1
265165425179364210,100605005,73e3681a-a0f1-4630-9923-f62eb63b0b49,zhiyin,114.35987825888566,30.546842529737376,114.35875970771276,30.54417961282573,2024-11-30 03:14:33,2024-11-30 03:26:52,824.0,739.0,非工作日,1225.0,1097.0,工学部12舍,工学部5舍,95.0,104.0,学生宿舍,学生宿舍,4.0,4.0,3,3,1,246730.36620263412,3382349.4692638637,246616.10328115258,3382056.7353587854,314.2437818126762,-1
265165693614296790,100606174,85afe2bc-9af5-462b-acf4-50bd39c7d6e3,zhiyin,114.35865776764042,30.544704959477613,114.35199888263692,30.54297852532098,2024-11-30 03:16:39,2024-11-30 03:25:50,974.0,551.0,非工作日,1100.0,831.0,教育技术与教学服务中心,武汉大学工学部集贸市场,131.0,313.0,教学区域,食堂,6.0,10.0,3,3,1,246607.68604792687,3382115.2123533394,245964.1578760788,3381938.795219355,667.2716936342092,-1
265165700050981072,100606484,1c1d06fe-44d8-425f-8676-b1c1b0101396,zhiyin,114.35864079001468,30.544662997664165,114.35193877175814,30.54300876547196,2024-11-30 03:16:41,2024-11-30 03:25:57,986.0,556.0,非工作日,1100.0,822.0,教育技术与教学服务中心,西区069栋,131.0,438.0,教学区域,教工宿舍,6.0,7.0,3,3,1,246605.94768853503,3382110.598049857,245958.46794832256,3381942.2836806574,668.999058941588,-1
265165717235572742,100606051,ece82310-cfa2-4e13-8b3b-edce1dd5bc9c,zhiyin,114.35949736441306,30.53885574172953,114.35412033235222,30.53017444966649,2024-11-30 03:16:49,2024-11-30 03:27:52,1335.0,663.0,非工作日,694.0,243.0,武汉大学梅园四、五舍,信息学部6舍,328.0,38.0,学生宿舍,学生宿舍,4.0,4.0,3,3,1,246673.06013424663,3381464.7938910136,246134.41609476786,3380514.363137113,1092.454126829221,-1
265165762333771333,100606281,90893bac-1851-4d1c-93d1-9dfa2384170d,zhiyin,114.35951134884505,30.538861720296868,114.35409704765988,30.53018098623631,2024-11-30 03:17:11,2024-11-30 03:28:07,1358.0,656.0,非工作日,694.0,243.0,武汉大学梅园四、五舍,信息学部6舍,328.0,38.0,学生宿舍,学生宿舍,4.0,4.0,3,3,1,246674.41778158487,3381465.425311261,246132.19822620554,3380515.140342659,1094.0948623344646,-1
265165785956096993,100605158,56ab9a71-c7b8-4c4a-bd43-249457cee571,zhiyin,114.35943942706622,30.538852823325023,114.3541123458394,30.53013247546725,2024-11-30 03:17:22,2024-11-30 03:27:46,1348.0,624.0,非工作日,694.0,243.0,武汉大学梅园四、五舍,信息学部6舍,328.0,38.0,学生宿舍,学生宿舍,4.0,4.0,3,3,1,246667.4921887268,3381464.600616272,246133.54029041954,3380509.7272564014,1094.0236574665894,-1
2411301119680,2408282047416,3bb93cd0-f031-4339-81b5-717b7f50c27e,mangguo,114.35910175997286,30.54521066212102,114.34909944583217,30.54182646668545,2024-11-30 03:19:19,2024-11-30 03:32:48,1030.5061282928134,809.0,非工作日,1102.0,24.0,工学部2舍,茶港门,100.0,424.0,学生宿舍,交通枢纽,4.0,0.0,3,3,1,246651.60868605907,3382170.2830815455,245682.89853169292,3381817.604128998,1030.9130936903746,-1
2411301119689,2408282048542,d8916bb6-3465-4dd1-986f-22060ff2e609,mangguo,114.35928378809948,30.54519668737965,114.34911644766494,30.54185546842047,2024-11-30 03:19:32,2024-11-30 03:33:45,1043.5698695703702,853.0,非工作日,1102.0,24.0,工学部2舍,茶港门,100.0,424.0,学生宿舍,交通枢纽,4.0,0.0,3,3,1,246669.04082985673,3382168.324159394,245684.6058447849,3381820.7813079804,1043.9819315496156,-1
2411301128931,2408241144052,ee4f8ede-535a-47da-9760-ea2e1534b730,mangguo,114.35207278823772,30.5423377788982,114.36597879701355,30.54011799352984,2024-11-30 03:28:40,2024-11-30 03:37:26,1356.9006313635246,526.0,非工作日,827.0,840.0,武汉大学第二附属小学,枫园一舍,334.0,149.0,其他,学生宿舍,2.0,4.0,3,3,1,245969.580784494,3381867.5858018943,247298.36694483875,3381590.18640624,1357.4325341000197,-1
265167304225464920,100606396,beda0e20-39ff-4f3b-8ce3-659bff203913,zhiyin,114.35831392841698,30.53577342593216,114.35877190072956,30.54174479426589,2024-11-30 03:29:09,2024-11-30 03:32:59,818.0,230.0,非工作日,384.0,1041.0,武汉大学医院,樱顶学生宿舍,276.0,173.0,医院,学生宿舍,3.0,4.0,3,3,1,246551.47163990268,3381125.705510674,246610.94470412962,3381786.7482675244,663.7127177875029,-1
2411301130001,2408282044157,cce64076-e0a3-4c46-8826-57a4bd3c999b,mangguo,114.35458210936405,30.54309207113044,114.35218980525816,30.52974776581857,2024-11-30 03:30:40,2024-11-30 03:40:32,1497.077067418787,592.0,非工作日,989.0,178.0,未知,南二门,-1.0,60.0,其他,交通枢纽,2.0,0.0,3,3,1,246212.36099426975,3381945.5607807995,245948.01117226368,3380471.406132348,1497.6691076289526,-1
265167542604530744,100605243,b032afc7-8e70-47e1-99f0-f92d3c5d3a4a,zhiyin,114.35950542290068,30.53808698556266,114.35874970326915,30.544283971783816,2024-11-30 03:31:00,2024-11-30 03:37:02,1285.0,362.0,非工作日,691.0,1097.0,武汉大学总务后勤部,工学部5舍,314.0,104.0,其他,学生宿舍,2.0,4.0,3,3,1,246671.83615686698,3381379.540266428,246615.41445452924,3382068.328632329,691.0953780016432,-1
2411301131014,2408282048477,2f4d52c4-ecf5-4087-aa06-bec572d9bfd6,mangguo,114.3551621886839,30.5385751326124,114.36086983898085,30.54405239028084,2024-11-30 03:31:09,2024-11-30 03:49:16,817.731504770599,1087.0,非工作日,609.0,1114.0,文理学部教5楼,工学部6舍,135.0,106.0,教学区域,学生宿舍,6.0,4.0,3,3,1,246256.2740460961,3381443.4392263447,246818.27524567678,3382037.884027804,818.052547402579,-1
265167568360709237,100606174,85afe2bc-9af5-462b-acf4-50bd39c7d6e3,zhiyin,114.35199888263692,30.54297852532098,114.35870571660436,30.544684898495497,2024-11-30 03:31:12,2024-11-30 03:36:32,994.0,320.0,非工作日,831.0,1100.0,武汉大学工学部集贸市场,教育技术与教学服务中心,313.0,131.0,食堂,教学区域,10.0,6.0,3,3,1,245964.1578760788,3381938.795219355,246612.23538285232,3382112.8802159843,671.051444255417,-1
265167587683342641,100606484,1c1d06fe-44d8-425f-8676-b1c1b0101396,zhiyin,114.35193895703532,30.543008609916274,114.35859284166769,30.54467706075706,2024-11-30 03:31:21,2024-11-30 03:36:25,1011.0,304.0,非工作日,822.0,1100.0,西区069栋,教育技术与教学服务中心,438.0,131.0,教工宿舍,教学区域,7.0,6.0,3,3,1,245958.48532365813,3381942.2660155133,246601.38282104733,3382112.265174427,664.9939143937172,-1
2411301133096,2408282044145,324ea864-e4df-4632-afc4-36465158e29f,mangguo,114.35362898431192,30.54110095362812,114.3604935171262,30.54399967505105,2024-11-30 03:33:52,2024-11-30 03:40:37,732.9099671381225,405.0,非工作日,802.0,1113.0,桂园餐厅,工学部4舍,166.0,102.0,食堂,学生宿舍,10.0,4.0,3,3,1,246115.706092747,3381726.944034815,246782.0238983915,3382032.8852976426,733.1981140316212,-1
265168285624438367,100606295,66b1297c-57b4-48a2-95c2-912f2bd39f6d,zhiyin,114.3531017360596,30.52860152837708,114.36849694111729,30.53964316135104,2024-11-30 03:36:46,2024-11-30 03:50:50,2809.0,844.0,非工作日,170.0,141.0,南二门,枫园学生9舍,60.0,157.0,交通枢纽,学生宿舍,0.0,4.0,3,3,1,246032.55486934783,3380342.2614861215,247538.80484685636,3381531.892991235,1919.37805361612,-1
265168343602305421,100606377,502deb1e-f169-48a3-bc66-97eca204174e,zhiyin,114.35305875379964,30.52901746120993,114.36853792056408,30.53951715757004,2024-11-30 03:37:12,2024-11-30 03:51:07,2832.0,835.0,非工作日,173.0,141.0,南二门,枫园学生9舍,60.0,157.0,交通枢纽,学生宿舍,0.0,4.0,3,3,1,246029.51233328105,3380388.474801436,247542.41141179242,3381517.830576748,1887.937522533849,-1
2411301146457,2408241144067,452ab78a-6e46-45e2-a760-5eb8b21f48a0,mangguo,114.36584989776554,30.539981671151143,114.35180975820256,30.533285731196106,2024-11-30 03:46:28,2024-11-30 04:07:40,1538.2939676366902,1272.0,非工作日,840.0,411.0,枫园一舍,武汉大学信息部教工宿舍51栋,149.0,246.0,学生宿舍,教工宿舍,4.0,7.0,3,4,1,247285.64306521177,3381575.360951471,245920.75099912653,3380864.534343499,1538.8972735901875,-1
2411301146460,2408282050683,2272db67-1262-4e44-93f2-24202d69307c,mangguo,114.3595228258588,30.541935714063083,114.3499385410154,30.529306524871128,2024-11-30 03:46:31,2024-11-30 03:56:54,1675.1677675042715,623.0,非工作日,1042.0,162.0,樱顶学生宿舍,国际软件学院C3宿舍,173.0,74.0,学生宿舍,学生宿舍,4.0,6.0,3,3,1,246683.50644539052,3381806.2272807253,245730.78163655414,3380427.5619996907,1675.8289049012058,-1
2411301149568,2408241144929,2bd3ef79-0c95-4af1-bdc9-69db599f4153,mangguo,114.35223281031055,30.530823772845423,114.35235722697516,30.54021132893665,2024-11-30 03:49:56,2024-11-30 03:56:22,1040.7871894066689,386.0,非工作日,184.0,770.0,武汉大学信息部学生宿舍15、16舍,卓尔体育馆,245.0,58.0,学生宿舍,运动场地,4.0,1.0,3,3,1,245954.94154771487,3380590.611190852,245991.3376842296,3381631.1743466514,1041.1994813487477,-1
2411301153682,2409092233092,f598d967-d280-4de5-b64d-3f326f7b3998,mangguo,114.36565386215848,30.5394916381854,114.36068710476474,30.54608395392636,2024-11-30 03:53:17,2024-11-30 04:06:19,872.5033354633251,782.0,非工作日,839.0,1216.0,枫园三舍,武汉大学青年互助服务中心,150.0,345.0,学生宿舍,教学区域,4.0,6.0,3,4,1,247265.55913166993,3381521.4687300427,246806.0158571469,3382263.543636384,872.8431633350514,-1
265170454591833395,100606416,b05fd233-e308-4945-9672-3cee0602b4e4,zhiyin,114.36029306512386,30.54403790941152,114.35497416128976,30.547463127804225,2024-11-30 03:53:36,2024-11-30 03:59:30,859.0,354.0,非工作日,1113.0,1257.0,工学部4舍,工程结构试验中心,102.0,122.0,学生宿舍,教学区域,4.0,6.0,3,3,1,246762.88647055207,3382037.5752235167,246261.3640570094,3382429.3176484737,636.3857782798461,-1
265170564099348042,100605827,c8392e0f-c739-465a-b17f-5a8cacde1323,zhiyin,114.35209156942705,30.5452036284292,114.352352534156,30.530326142723887,2024-11-30 03:54:26,2024-11-30 04:07:27,2211.0,781.0,非工作日,1168.0,181.0,中区068栋,维修服务平台,21.0,400.0,教工宿舍,其他,7.0,2.0,3,4,1,245978.8513185081,3382185.294372171,245965.13652529792,3380535.16661571,1650.1847497162032,-1
2411301156797,2408282047454,27312e9f-0255-4c66-aff8-2e2791bdb3c4,mangguo,114.35312792001028,30.541227895739294,114.36482317279874,30.54349471553053,2024-11-30 03:56:32,2024-11-30 04:05:33,1150.0378111097343,541.0,非工作日,804.0,910.0,桂园2舍,湖滨食堂,160.0,376.0,学生宿舍,食堂,4.0,10.0,3,4,1,246067.9495909437,3381742.148281895,247196.21756575163,3381967.171570392,1150.4886367727013,-1
2411301157861,2408241143778,5179c8e1-dc72-47c0-a5c6-7270de031639,mangguo,114.36513158224086,30.54535752046269,114.3542349963215,30.53092667363436,2024-11-30 03:57:59,2024-11-30 04:12:11,1911.2384367357904,852.0,非工作日,1201.0,249.0,凌波门,信息学部4舍,52.0,36.0,交通枢纽,学生宿舍,0.0,4.0,3,4,1,247230.64517772422,3382173.0167111,246147.37949190964,3380597.5073744985,1911.9869810701523,-1
265171122451384286,100605409,c2bb6e07-f196-49b6-a0fd-ba25ee1f46ab,zhiyin,114.35296290889984,30.52862273756816,114.3590289065762,30.53845852814491,2024-11-30 03:58:47,2024-11-30 04:09:08,1763.0,621.0,非工作日,173.0,690.0,南二门,梅园食堂,60.0,169.0,交通枢纽,食堂,0.0,10.0,3,4,1,246019.2851383272,3380344.9259746755,246627.06907332625,3381421.8066525846,1236.5570371385825,-1
