cluster_id,ox,oy,dx,dy,flow,distance_m,riding_time_s,is_workday,origin_id,destination_id,semantics_origin,semantics_dest,semantics_id_origin,semantics_id_dest,category_origin,category_dest,category_id_origin,category_id_dest
108,114.35357154237984,30.54195973569857,114.35202147787177,30.529424426517902,34,1646.3529411764705,560.8235294117648,非工作日,824.0,165.0,桂园3舍,南二门,161.0,60.0,学生宿舍,交通枢纽,4.0,0.0
20,114.35231801221956,30.543927151533012,114.35299902003361,30.529062607046423,29,1944.448275862069,613.0689655172414,非工作日,1139.0,176.0,工学部学生新4栋,南二门,117.0,60.0,学生宿舍,交通枢纽,4.0,0.0
134,114.35221139964388,30.529218382169294,114.36419710463326,30.54479369430833,28,2636.1616846450156,853.0357142857143,非工作日,174.0,1188.0,南二门,湖滨9舍,60.0,366.0,交通枢纽,学生宿舍,0.0,4.0
139,114.3645410444582,30.54485749279297,114.35199027481084,30.529421005031026,27,2610.925925925926,809.7037037037037,非工作日,1183.0,174.0,未知,南二门,-1.0,60.0,学生宿舍,交通枢纽,4.0,0.0
121,114.35221484582458,30.529239991252638,114.36046945091816,30.543883255447525,25,2746.04,866.56,非工作日,174.0,1090.0,南二门,工学部15舍,60.0,96.0,交通枢纽,学生宿舍,0.0,4.0
120,114.3524401723633,30.52922275421261,114.36402510172047,30.53942562477612,23,2149.4347826086955,693.1304347826087,非工作日,174.0,854.0,南二门,枫园14舍,60.0,148.0,交通枢纽,学生宿舍,0.0,4.0
117,114.35241321232039,30.529206469569985,114.35874538729477,30.54526327460975,23,2594.066227639661,800.0,非工作日,165.0,1123.0,南二门,工学部学生7舍,60.0,116.0,交通枢纽,学生宿舍,0.0,4.0
129,114.35665018905834,30.537510040104724,114.35304508622413,30.530026510384683,23,1300.9565217391305,460.60869565217394,非工作日,591.0,180.0,武汉大学总图书馆,武汉大学信息部学生宿舍11舍,315.0,242.0,教学区域,学生宿舍,6.0,4.0
125,114.36405665876362,30.539346970226852,114.35227077510858,30.52917668531594,23,2190.695652173913,681.5652173913044,非工作日,543.0,174.0,枫园14舍,南二门,148.0,60.0,学生宿舍,交通枢纽,4.0,0.0
32,114.35161134167298,30.54032007504901,114.3531001409549,30.529214528704106,22,1835.4545454545455,580.9545454545455,非工作日,786.0,176.0,计算机学院,南二门,442.0,60.0,教学区域,交通枢纽,6.0,0.0
132,114.35908183976885,30.538567736190398,114.35241929778468,30.529104755292963,22,1712.7272727272727,604.5454545454545,非工作日,693.0,174.0,武汉大学梅园四、五舍,南二门,328.0,60.0,学生宿舍,交通枢纽,4.0,0.0
76,114.36682001874051,30.53983731496959,114.36402057370697,30.539424611966687,20,635.0,401.35,非工作日,849.0,854.0,枫园餐厅,枫园14舍,159.0,148.0,学生宿舍,学生宿舍,4.0,4.0
110,114.36065706894554,30.546265080739964,114.3525015936298,30.5292179173118,19,3001.2105263157896,945.8421052631579,非工作日,1216.0,174.0,武汉大学青年互助服务中心,南二门,345.0,60.0,教学区域,交通枢纽,6.0,0.0
114,114.35637559463486,30.53819332449575,114.35314175439326,30.52995743415143,18,1381.9444444444443,503.44444444444446,非工作日,617.0,179.0,文理学部教5楼,武汉大学信息学部四食堂,135.0,209.0,教学区域,学生宿舍,6.0,4.0
111,114.35252746537994,30.544071443701448,114.35205702648706,30.529393941622743,17,1883.4705882352941,575.5882352941177,非工作日,1139.0,165.0,工学部学生新4栋,南二门,117.0,60.0,学生宿舍,交通枢纽,4.0,0.0
9,114.34983597374384,30.52925721998578,114.35307025497077,30.529175510017687,17,320.05882352941177,136.05882352941177,非工作日,162.0,176.0,国际软件学院C3宿舍,南二门,74.0,60.0,学生宿舍,交通枢纽,6.0,0.0
72,114.35812413314291,30.54519686739675,114.35225982554633,30.529437298234033,16,2838.0625,895.0,非工作日,1020.0,178.0,工学部A教学楼,南二门,110.0,60.0,教学区域,交通枢纽,6.0,0.0
130,114.36684837762613,30.539779753121714,114.35249593304037,30.52911419886468,16,2515.375,799.5,非工作日,847.0,171.0,枫园学生4舍,南二门,152.0,60.0,学生宿舍,交通枢纽,4.0,0.0
41,114.351965888094,30.534424916880987,114.36026448831659,30.54407945855094,15,2095.6093065210093,683.9333333333333,非工作日,436.0,1113.0,牌坊,工学部4舍,378.0,102.0,交通枢纽,学生宿舍,0.0,4.0
115,114.35310194916286,30.529977417540298,114.35188053388414,30.540445131806013,15,1821.0666666666666,574.0,非工作日,180.0,786.0,武汉大学信息学部四食堂,计算机学院,209.0,442.0,学生宿舍,教学区域,4.0,6.0
128,114.35232525289491,30.529384024978153,114.3607085684765,30.546461981677226,15,3088.8,871.1333333333333,非工作日,174.0,1218.0,南二门,武汉大学青年互助服务中心,60.0,345.0,交通枢纽,教学区域,0.0,6.0
5,114.35905021201437,30.538513280179195,114.35376277973809,30.541784898780467,15,782.0666666666667,268.73333333333335,非工作日,693.0,958.0,武汉大学梅园四、五舍,桂园6舍,328.0,163.0,学生宿舍,学生宿舍,4.0,4.0
94,114.35299958907942,30.530121839533496,114.36018781954276,30.543873005707866,14,2589.5714285714284,824.2142857142857,非工作日,180.0,1090.0,武汉大学信息部学生宿舍11舍,工学部15舍,242.0,96.0,学生宿舍,学生宿舍,4.0,4.0
33,114.36492857085769,30.54367500165629,114.35944460148974,30.53799857818454,14,1091.0,390.14285714285717,非工作日,910.0,688.0,湖滨食堂,梅园食堂,376.0,169.0,食堂,食堂,10.0,10.0
40,114.36488789545872,30.543652631027438,114.35667512393006,30.538118556497977,14,1188.142857142857,406.14285714285717,非工作日,910.0,616.0,湖滨食堂,武汉大学总图书馆,376.0,315.0,食堂,教学区域,10.0,6.0
65,114.35939997800794,30.537939752603798,114.36741002256701,30.540731365113512,14,1026.357142857143,346.7142857142857,非工作日,687.0,868.0,梅园食堂,武汉大学经济与管理学院,169.0,335.0,食堂,学生宿舍,10.0,6.0
143,114.35230091420202,30.529205659273025,114.36489600318757,30.543581399372886,14,2400.214285714286,742.7857142857143,非工作日,171.0,910.0,南二门,湖滨食堂,60.0,376.0,交通枢纽,食堂,0.0,10.0
10,114.36497788008562,30.543717283938008,114.35198653397337,30.53433447131929,14,2120.714285714286,701.7142857142857,非工作日,910.0,415.0,湖滨食堂,牌坊,376.0,378.0,食堂,交通枢纽,10.0,0.0
28,114.35946040333036,30.538048560955016,114.36401932569353,30.539429321583263,14,670.8571428571429,336.42857142857144,非工作日,691.0,854.0,武汉大学总务后勤部,枫园14舍,314.0,148.0,其他,学生宿舍,2.0,4.0
14,114.35607534580063,30.53825235936862,114.36503759509516,30.54366229539684,14,1335.2142857142858,517.9285714285714,非工作日,617.0,910.0,文理学部教5楼,湖滨食堂,135.0,376.0,教学区域,食堂,6.0,10.0
100,114.35247519957541,30.540302056384533,114.35311336156653,30.529203239743318,13,1520.8461538461538,533.9230769230769,非工作日,798.0,176.0,电子信息学院,南二门,391.0,60.0,教学区域,交通枢纽,6.0,0.0
80,114.36742024001163,30.540685727159243,114.35947938366877,30.53806703109369,13,1017.4615384615385,444.6923076923077,非工作日,864.0,691.0,留学生宿舍3号楼,武汉大学总务后勤部,396.0,314.0,学生宿舍,其他,6.0,2.0
52,114.35667711952989,30.53725914712885,114.36594339099533,30.53987940430261,13,1482.1538461538462,477.0769230769231,非工作日,591.0,840.0,武汉大学总图书馆,枫园一舍,315.0,149.0,教学区域,学生宿舍,6.0,4.0
127,114.35224052593541,30.52920676491821,114.35886130175855,30.544643333500712,12,2748.3333333333335,918.5833333333334,非工作日,174.0,1100.0,南二门,教育技术与教学服务中心,60.0,131.0,交通枢纽,学生宿舍,0.0,4.0
97,114.35208489133011,30.52920201087358,114.3582749696745,30.53857072674282,12,1561.5833333333333,511.5833333333333,非工作日,174.0,602.0,南二门,万林艺术博物馆,60.0,12.0,交通枢纽,学生宿舍,0.0,4.0
106,114.36201820028562,30.54134582871637,114.35304128335225,30.53002329624644,12,2003.0833333333333,676.1666666666666,非工作日,1045.0,180.0,逸夫楼,武汉大学信息部学生宿舍11舍,445.0,242.0,教学区域,学生宿舍,6.0,4.0
119,114.35274897291741,30.529088422307808,114.35234389764356,30.543989330976448,12,2306.4166666666665,733.0833333333334,非工作日,176.0,1139.0,南二门,工学部学生新4栋,60.0,117.0,交通枢纽,学生宿舍,0.0,4.0
144,114.35182799404915,30.540411489491166,114.35307922145546,30.52996626900885,12,1541.5833333333333,579.9166666666666,非工作日,786.0,180.0,计算机学院,武汉大学信息部学生宿舍11舍,442.0,242.0,教学区域,学生宿舍,6.0,4.0
25,114.35311185343767,30.529977152258784,114.35665689279797,30.537447689892485,12,1302.75,419.0833333333333,非工作日,180.0,591.0,武汉大学信息部学生宿舍11舍,武汉大学总图书馆,242.0,315.0,学生宿舍,教学区域,4.0,6.0
48,114.35663344679864,30.537394986783003,114.35200575977677,30.529335123137724,12,1367.75,450.6666666666667,非工作日,591.0,174.0,武汉大学总图书馆,南二门,315.0,60.0,教学区域,交通枢纽,6.0,0.0
43,114.35273440605805,30.529107938565428,114.36592676099899,30.53991601858913,12,2394.4166666666665,785.0,非工作日,176.0,840.0,南二门,枫园一舍,60.0,149.0,交通枢纽,学生宿舍,0.0,4.0
11,114.35865138028292,30.5377732038457,114.3674209888867,30.540687105304915,12,1335.75,400.9166666666667,非工作日,689.0,864.0,梅园食堂,留学生宿舍3号楼,169.0,396.0,食堂,学生宿舍,10.0,6.0
6,114.35387709155042,30.542097811268814,114.35903510284841,30.538497696996597,12,739.5,315.4166666666667,非工作日,958.0,690.0,桂园6舍,梅园食堂,163.0,169.0,学生宿舍,学生宿舍,4.0,4.0
2,114.3565852657671,30.53820070745879,114.35224056876818,30.529850261783235,12,1322.4166666666667,498.75,非工作日,616.0,178.0,武汉大学总图书馆,南二门,315.0,60.0,教学区域,交通枢纽,6.0,0.0
1,114.35302369389636,30.529169648659,114.35158048873853,30.540361515111442,11,1683.6363636363637,532.1818181818181,非工作日,176.0,786.0,南二门,计算机学院,60.0,442.0,交通枢纽,教学区域,0.0,6.0
82,114.35229298538938,30.529157432623048,114.36678729259133,30.53988912795597,11,2533.7272727272725,747.5454545454545,非工作日,174.0,847.0,南二门,枫园学生4舍,60.0,152.0,交通枢纽,学生宿舍,0.0,4.0
137,114.35274160080762,30.529128285385227,114.36504619635019,30.544670521036927,11,2811.6363636363635,834.7272727272727,非工作日,176.0,1183.0,南二门,未知,60.0,-1.0,交通枢纽,其他,0.0,2.0
107,114.35262920013437,30.52910246958694,114.36513722412711,30.543422921132052,11,2668.5454545454545,822.9090909090909,非工作日,176.0,910.0,南二门,湖滨学生3舍,60.0,374.0,交通枢纽,学生宿舍,0.0,4.0
109,114.36068208838488,30.546403124399987,114.35206705372966,30.52960123596114,11,2796.4545454545455,807.7272727272727,非工作日,1218.0,165.0,武汉大学青年互助服务中心,南二门,345.0,60.0,教学区域,交通枢纽,6.0,0.0
61,114.35904860837405,30.538505121464127,114.35385129373218,30.542129055244562,11,748.7272727272727,301.45454545454544,非工作日,693.0,963.0,武汉大学梅园四、五舍,桂园7舍,328.0,164.0,学生宿舍,学生宿舍,4.0,4.0
126,114.36405828800343,30.539365708963036,114.35295088608459,30.52909840087855,11,2088.181818181818,610.0,非工作日,854.0,176.0,枫园14舍,南二门,148.0,60.0,学生宿舍,交通枢纽,4.0,0.0
122,114.35259467436404,30.52923346820235,114.35997021451202,30.54388206581366,11,2672.052440272982,894.6363636363636,非工作日,176.0,1090.0,南二门,工学部4舍,60.0,102.0,交通枢纽,学生宿舍,0.0,4.0
133,114.35231894815006,30.529205739944288,114.36621091977234,30.534832777027137,11,2099.0,669.0909090909091,非工作日,174.0,470.0,南二门,珞东二门,60.0,382.0,交通枢纽,交通枢纽,0.0,0.0
124,114.35204873304438,30.52937720081584,114.35372454043676,30.541797264714184,11,1622.5454545454545,570.3636363636364,非工作日,174.0,958.0,南二门,桂园6舍,60.0,163.0,交通枢纽,学生宿舍,0.0,4.0
84,114.35248413753106,30.54024149610574,114.35220813768377,30.529691575162303,11,1501.0,602.6363636363636,非工作日,798.0,178.0,电子信息学院,南二门,391.0,60.0,教学区域,交通枢纽,6.0,0.0
62,114.35307274357297,30.529976402702538,114.35880152654309,30.54465683951277,11,2835.181818181818,789.6363636363636,非工作日,180.0,1100.0,武汉大学信息部学生宿舍11舍,教育技术与教学服务中心,242.0,131.0,学生宿舍,教学区域,4.0,6.0
24,114.35290529801819,30.52916765209758,114.35763383141666,30.54548145477845,11,2741.5454545454545,918.5454545454545,非工作日,176.0,1020.0,南二门,工学部A教学楼,60.0,110.0,交通枢纽,教学区域,0.0,6.0
15,114.35227278407812,30.53092117539523,114.35246714661814,30.53984574602332,10,1311.5,434.7,非工作日,187.0,767.0,武汉大学信息部学生宿舍15、16舍,卓尔体育馆,245.0,58.0,学生宿舍,运动场地,4.0,1.0
54,114.35938826327067,30.53792680183859,114.35211241695683,30.529211162114184,10,1832.3,614.6,非工作日,688.0,174.0,梅园食堂,南二门,169.0,60.0,食堂,交通枢纽,10.0,0.0
19,114.35295466932817,30.529196065701704,114.35665676832335,30.53741098060545,10,1382.7,478.6,非工作日,176.0,591.0,南二门,武汉大学总图书馆,60.0,315.0,交通枢纽,教学区域,0.0,6.0
30,114.3673608502507,30.54068360429567,114.35262431028973,30.52917073946635,10,2638.5,798.6,非工作日,853.0,176.0,武汉大学枫园学生十三舍,南二门,321.0,60.0,学生宿舍,交通枢纽,6.0,0.0
57,114.36402647020218,30.539387859839053,114.35198619210311,30.534340119498438,10,1727.6,647.4,非工作日,854.0,415.0,枫园14舍,牌坊,148.0,378.0,学生宿舍,交通枢纽,4.0,0.0
63,114.35372720525565,30.54177643283814,114.35898315185891,30.538512074668137,10,770.9,339.3,非工作日,958.0,693.0,桂园6舍,武汉大学梅园四、五舍,163.0,328.0,学生宿舍,学生宿舍,4.0,4.0
60,114.36592752133996,30.53988775627231,114.35660952557684,30.53734995656551,10,1520.0,547.8,非工作日,840.0,591.0,枫园一舍,武汉大学总图书馆,149.0,315.0,学生宿舍,教学区域,4.0,6.0
112,114.35245366030547,30.544035483494287,114.35260226413853,30.529958660122013,10,1751.2194617723187,567.2,非工作日,1139.0,180.0,工学部学生新4栋,武汉大学信息部学生宿舍11舍,117.0,242.0,学生宿舍,学生宿舍,4.0,4.0
136,114.35206788885446,30.52929042593366,114.35982310602003,30.545148039451714,10,2648.5,880.7,非工作日,174.0,1124.0,南二门,工学部1舍,60.0,99.0,交通枢纽,学生宿舍,0.0,4.0
140,114.35249300814426,30.529193867740997,114.3650403622733,30.544267966783675,9,2456.3460031072755,860.2222222222222,非工作日,174.0,1182.0,南二门,湖滨食堂,60.0,376.0,交通枢纽,食堂,0.0,10.0
131,114.35909982305566,30.538531626739275,114.35221768901673,30.529659649565993,9,1683.7777777777778,559.4444444444445,非工作日,693.0,178.0,武汉大学梅园四、五舍,南二门,328.0,60.0,学生宿舍,交通枢纽,4.0,0.0
83,114.35248517171246,30.54400097111158,114.36018014837315,30.54367409803862,9,796.6666666666666,289.0,非工作日,1139.0,1090.0,工学部学生新4栋,工学部15舍,117.0,96.0,学生宿舍,学生宿舍,4.0,4.0
81,114.36404918920806,30.539436848245153,114.36683541714446,30.539840049999952,9,750.2222222222222,431.1111111111111,非工作日,854.0,847.0,枫园14舍,枫园学生4舍,148.0,152.0,学生宿舍,学生宿舍,4.0,4.0
93,114.35658619586268,30.537397610810405,114.36726773917988,30.539659285014864,9,1583.3333333333333,495.0,非工作日,591.0,847.0,武汉大学总图书馆,枫园学生4舍,315.0,152.0,教学区域,学生宿舍,6.0,4.0
12,114.35640411302022,30.538234712963945,114.3530559594834,30.52914888359937,9,1530.2222222222222,521.7777777777778,非工作日,617.0,176.0,文理学部教5楼,南二门,135.0,60.0,教学区域,交通枢纽,6.0,0.0
3,114.35169772240579,30.54035021583856,114.3543997825547,30.530040927549734,9,1695.111111111111,762.7777777777778,非工作日,786.0,245.0,计算机学院,信息学部2舍,442.0,34.0,教学区域,学生宿舍,6.0,4.0
141,114.35236761903076,30.529146167970868,114.35351915941273,30.54195538261041,9,1684.0,580.8888888888889,非工作日,174.0,824.0,南二门,桂园3舍,60.0,161.0,交通枢纽,学生宿舍,0.0,4.0
51,114.35210017752125,30.529201348238498,114.36737855990178,30.540730606805703,9,2825.777777777778,869.3333333333334,非工作日,165.0,864.0,南二门,留学生宿舍3号楼,60.0,396.0,交通枢纽,学生宿舍,0.0,6.0
46,114.35905620620545,30.538504474649503,114.36089276733479,30.544112780358528,9,1446.888888888889,468.6666666666667,非工作日,693.0,1114.0,武汉大学梅园四、五舍,工学部6舍,328.0,106.0,学生宿舍,学生宿舍,4.0,4.0
74,114.36620900148233,30.534805511250656,114.35862195699822,30.537730209083804,9,1040.4444444444443,389.44444444444446,非工作日,470.0,689.0,珞东二门,梅园食堂,382.0,169.0,交通枢纽,食堂,0.0,10.0
85,114.3521934028409,30.52906957700706,114.35914375676683,30.538543017433092,9,1776.888888888889,617.6666666666666,非工作日,171.0,693.0,南二门,武汉大学梅园四、五舍,60.0,328.0,交通枢纽,学生宿舍,0.0,4.0
87,114.36017000510917,30.543665536920905,114.35240488659792,30.54404989045774,9,807.1111111111111,254.66666666666666,非工作日,1090.0,1139.0,工学部15舍,工学部学生新4栋,96.0,117.0,学生宿舍,学生宿舍,4.0,4.0
75,114.35387246820031,30.541036035391656,114.35203931049631,30.5292607062853,9,1473.4444444444443,475.6666666666667,非工作日,954.0,174.0,风雨操场,南二门,453.0,60.0,运动场地,交通枢纽,1.0,0.0
73,114.35665776444168,30.537569448946094,114.36490914092802,30.543549080391116,9,1371.111111111111,441.1111111111111,非工作日,593.0,910.0,武汉大学总图书馆,湖滨食堂,315.0,376.0,教学区域,食堂,6.0,10.0
101,114.35301834573073,30.529184025987984,114.35818323785537,30.53867352252095,9,1633.5555555555557,607.7777777777778,非工作日,176.0,602.0,南二门,万林艺术博物馆,60.0,12.0,交通枢纽,文娱场地,0.0,5.0
118,114.35218094556873,30.529497042638624,114.36012683919625,30.546849002920325,9,2846.31872469109,1020.7777777777778,非工作日,174.0,1221.0,南二门,工学部12舍,60.0,95.0,交通枢纽,学生宿舍,0.0,4.0
135,114.35214178972632,30.529227608530377,114.35311597294594,30.54183920694911,9,1751.111111111111,627.6666666666666,非工作日,165.0,824.0,南二门,桂园3舍,60.0,161.0,交通枢纽,学生宿舍,0.0,4.0
123,114.35666234324471,30.538196637305507,114.36499219666291,30.543517090358385,8,1201.625,402.25,非工作日,616.0,910.0,武汉大学总图书馆,湖滨学生3舍,315.0,374.0,教学区域,学生宿舍,6.0,4.0
27,114.36412184477652,30.544671918282503,114.3668491993189,30.539841313954764,8,668.125,263.0,非工作日,1184.0,847.0,湖滨十三舍,枫园学生4舍,370.0,152.0,学生宿舍,学生宿舍,4.0,4.0
0,114.35307776906942,30.53000236375554,114.35451654542673,30.539678359499206,8,1435.875,475.25,非工作日,180.0,626.0,武汉大学信息部学生宿舍11舍,未知,242.0,-1.0,学生宿舍,其他,4.0,2.0
70,114.35455399273886,30.53943899844348,114.35304682440933,30.530001360157012,8,1202.875,493.125,非工作日,613.0,180.0,未知,武汉大学信息部学生宿舍11舍,-1.0,242.0,其他,学生宿舍,2.0,4.0
69,114.351604251067,30.540291425405215,114.34979222981728,30.5292370622406,8,2147.0,741.125,非工作日,784.0,162.0,卓尔体育馆,国际软件学院C3宿舍,58.0,74.0,运动场地,学生宿舍,1.0,6.0
142,114.35226050097017,30.52919840268824,114.35331959939984,30.54174601645487,8,1619.625,614.0,非工作日,174.0,824.0,南二门,桂园3舍,60.0,161.0,交通枢纽,学生宿舍,0.0,4.0
47,114.36620847943307,30.534745170560942,114.3527217245922,30.529030948546062,8,2169.5,675.75,非工作日,470.0,173.0,珞东二门,南二门,382.0,60.0,交通枢纽,交通枢纽,0.0,0.0
42,114.35215675645665,30.529216184744918,114.35845140336663,30.53910598597221,8,1606.0,527.125,非工作日,174.0,718.0,南二门,武汉大学梅园一舍,60.0,324.0,交通枢纽,学生宿舍,0.0,4.0
113,114.3561766578281,30.53822659316569,114.35292483122193,30.530064331791838,8,1591.625,505.125,非工作日,617.0,180.0,文理学部教5楼,武汉大学信息部学生宿舍11舍,135.0,242.0,教学区域,学生宿舍,6.0,4.0
91,114.35165917534107,30.54034607004039,114.3522497219245,30.529807005385077,8,1503.875,509.0,非工作日,786.0,178.0,计算机学院,南二门,442.0,60.0,教学区域,交通枢纽,6.0,0.0
88,114.3545307660559,30.539496014760047,114.3528686658555,30.529187841644248,8,1311.25,583.875,非工作日,626.0,176.0,未知,南二门,-1.0,60.0,其他,交通枢纽,2.0,0.0
8,114.36686594649983,30.539818538907493,114.3580021681807,30.5386494918042,7,1269.7142857142858,377.14285714285717,非工作日,847.0,602.0,枫园学生4舍,万林艺术博物馆,152.0,12.0,学生宿舍,文娱场地,4.0,5.0
13,114.35304190023756,30.529219422303022,114.34974309467069,30.52923973286886,7,389.85714285714283,184.28571428571428,非工作日,176.0,162.0,南二门,国际软件学院C3宿舍,60.0,74.0,交通枢纽,学生宿舍,0.0,6.0
138,114.35380426367888,30.54197990345354,114.35232083275652,30.529309574948456,7,1609.4285714285713,552.8571428571429,非工作日,958.0,178.0,桂园6舍,南二门,163.0,60.0,学生宿舍,交通枢纽,4.0,0.0
37,114.35259490588672,30.529086734819433,114.35203074832252,30.542405847142366,7,1723.7142857142858,557.5714285714286,非工作日,176.0,827.0,南二门,武汉大学第二附属小学,60.0,334.0,交通枢纽,其他,0.0,2.0
44,114.35509812653389,30.538540081015412,114.35281142295709,30.52914033737866,7,1378.142857142857,417.42857142857144,非工作日,609.0,176.0,文理学部教5楼,南二门,135.0,60.0,教学区域,交通枢纽,6.0,0.0
95,114.3519436978775,30.5344507294613,114.35314042550058,30.529966742086323,7,564.7142857142857,222.0,非工作日,436.0,177.0,牌坊,武汉大学信息学部四食堂,378.0,209.0,交通枢纽,食堂,0.0,10.0
116,114.35301108546652,30.52918076863711,114.35954198113211,30.538867717338633,7,2006.142857142857,715.7142857142857,非工作日,176.0,716.0,南二门,武汉大学梅园四、五舍,60.0,328.0,交通枢纽,学生宿舍,0.0,4.0
102,114.35984277903383,30.539688271907657,114.3529456854116,30.53000911578685,7,1656.142857142857,495.0,非工作日,720.0,180.0,教一楼,武汉大学信息部学生宿舍11舍,128.0,242.0,教学区域,学生宿舍,6.0,4.0
26,114.35307550581521,30.529981266879012,114.35303358848485,30.541291652777034,7,1938.142857142857,727.0,非工作日,180.0,804.0,武汉大学信息部学生宿舍11舍,桂园2舍,242.0,160.0,学生宿舍,学生宿舍,4.0,4.0
90,114.35938642511137,30.537895357646942,114.35869511272756,30.545093026575405,7,1250.142857142857,536.4285714285714,非工作日,687.0,1123.0,梅园食堂,工学部学生7舍,169.0,116.0,食堂,学生宿舍,10.0,4.0
39,114.35245485907106,30.539841285834235,114.35426499449868,30.530057762727118,7,1700.142857142857,588.8571428571429,非工作日,767.0,243.0,卓尔体育馆,信息学部6舍,58.0,38.0,运动场地,学生宿舍,1.0,4.0
59,114.35202573908792,30.534409184996584,114.36058791679157,30.547157434967325,7,2308.8571428571427,752.2857142857143,非工作日,426.0,1236.0,牌坊,尖端科技楼,378.0,88.0,交通枢纽,教学区域,0.0,6.0
79,114.35119452994805,30.540949055366806,114.36507321362227,30.54464149764072,7,1905.7142857142858,578.4285714285714,非工作日,791.0,1183.0,计算机学院,未知,442.0,-1.0,教学区域,其他,6.0,2.0
64,114.35139141863617,30.540920464746637,114.35311934752973,30.52910152760552,7,2028.2857142857142,694.7142857142857,非工作日,791.0,176.0,计算机学院,南二门,442.0,60.0,教学区域,交通枢纽,6.0,0.0
50,114.35984758132544,30.54516271341899,114.35198273152248,30.534333298827114,7,2131.0,691.7142857142857,非工作日,1124.0,426.0,工学部1舍,牌坊,99.0,378.0,学生宿舍,交通枢纽,4.0,0.0
29,114.35198250877025,30.534409681616726,114.3640064504872,30.539413092224994,7,2048.8571428571427,749.8571428571429,非工作日,426.0,854.0,牌坊,枫园14舍,378.0,148.0,交通枢纽,学生宿舍,0.0,4.0
4,114.35445209748411,30.54157202483903,114.35910148373388,30.53851312096648,6,661.8333333333334,389.1666666666667,非工作日,955.0,693.0,文理学部教六楼,武汉大学梅园四、五舍,137.0,328.0,教学区域,学生宿舍,6.0,4.0
7,114.35197832442496,30.534401405255377,114.36695216546975,30.539767550636142,6,2164.5,855.1666666666666,非工作日,415.0,847.0,牌坊,枫园学生4舍,378.0,152.0,交通枢纽,学生宿舍,0.0,4.0
16,114.35661331898594,30.53817225902539,114.36422928969102,30.54464287671684,6,1530.0,576.5,非工作日,616.0,1184.0,武汉大学总图书馆,湖滨十三舍,315.0,370.0,教学区域,学生宿舍,6.0,4.0
78,114.36414768403108,30.54480692353113,114.35942974001257,30.53798889905873,6,1201.6666666666667,514.3333333333334,非工作日,1184.0,687.0,湖滨9舍,梅园食堂,366.0,169.0,学生宿舍,食堂,4.0,10.0
77,114.35803365450774,30.538674866911236,114.3530001787319,30.529186410023055,6,1649.6666666666667,558.3333333333334,非工作日,602.0,176.0,万林艺术博物馆,南二门,12.0,60.0,文娱场地,交通枢纽,5.0,0.0
71,114.35165588973025,30.54032512389222,114.3537796410488,30.530020284739177,6,1623.6666666666667,523.5,非工作日,786.0,243.0,计算机学院,信息学部6舍,442.0,38.0,教学区域,学生宿舍,6.0,4.0
68,114.3519901414288,30.534413549190656,114.3591647382381,30.53856956129241,6,1217.6666666666667,438.6666666666667,非工作日,426.0,693.0,牌坊,武汉大学梅园四、五舍,378.0,328.0,交通枢纽,学生宿舍,0.0,4.0
67,114.35950641990088,30.538109143506492,114.35764711915489,30.545336894003402,6,1255.0,392.8333333333333,非工作日,691.0,1020.0,武汉大学总务后勤部,工学部A教学楼,314.0,110.0,其他,教学区域,2.0,6.0
66,114.35900842445959,30.538510039849214,114.36508926757524,30.54358883312587,6,1637.3333333333333,562.5,非工作日,690.0,910.0,梅园食堂,湖滨学生3舍,169.0,374.0,学生宿舍,学生宿舍,4.0,4.0
58,114.36622770687266,30.534815707882558,114.35416291201732,30.52999649588385,6,1827.8333333333333,666.3333333333334,非工作日,470.0,243.0,珞东二门,信息学部6舍,382.0,38.0,交通枢纽,学生宿舍,0.0,4.0
56,114.3662207111938,30.534834376734285,114.36012377306167,30.543700755168853,6,2071.0,567.5,非工作日,470.0,1090.0,珞东二门,工学部15舍,382.0,96.0,交通枢纽,学生宿舍,0.0,4.0
55,114.35312511944552,30.541060403841197,114.35205527788766,30.529302218383197,6,1697.6666666666667,577.3333333333334,非工作日,800.0,165.0,计算机学院,南二门,442.0,60.0,教学区域,交通枢纽,6.0,0.0
49,114.35304875238586,30.529177925032315,114.35641518251656,30.528416198530675,6,382.8333333333333,165.0,非工作日,176.0,58.0,南二门,测绘学院,60.0,357.0,交通枢纽,教学区域,0.0,6.0
36,114.35386427172391,30.542125405098165,114.36720113443478,30.539683122393797,6,1630.6666666666667,478.3333333333333,非工作日,963.0,847.0,桂园7舍,枫园学生4舍,164.0,152.0,学生宿舍,学生宿舍,4.0,4.0
38,114.35567270926015,30.53490472893343,114.3534727536596,30.542029452770084,6,1080.6666666666667,381.5,非工作日,319.0,824.0,测试中心,桂园3舍,360.0,161.0,其他,学生宿舍,6.0,4.0
34,114.35635444963039,30.538225955788388,114.36681090150994,30.539802328672177,6,1570.5,704.5,非工作日,617.0,849.0,文理学部教5楼,枫园餐厅,135.0,159.0,教学区域,食堂,6.0,10.0
35,114.35198947430193,30.534429378448824,114.36490361259739,30.543462437961193,6,1769.6666666666667,530.1666666666666,非工作日,426.0,909.0,武汉大学信息学部教工宿舍34栋,湖滨2舍,225.0,363.0,交通枢纽,学生宿舍,0.0,4.0
45,114.36055850824312,30.547228965890472,114.35216721229024,30.52919248877119,6,3051.1666666666665,1008.0,非工作日,1234.0,174.0,尖端科技楼,南二门,88.0,60.0,学生宿舍,交通枢纽,4.0,0.0
31,114.35660599366304,30.538177601313944,114.35201697690366,30.529345748626444,6,1436.6666666666667,460.8333333333333,非工作日,616.0,165.0,武汉大学总图书馆,南二门,315.0,60.0,教学区域,交通枢纽,6.0,0.0
21,114.35435997560678,30.530047712155213,114.36073837025526,30.546538570195768,6,2770.517425601232,1064.1666666666667,非工作日,245.0,1218.0,信息学部2舍,武汉大学青年互助服务中心,34.0,345.0,学生宿舍,教学区域,4.0,6.0
22,114.36400511827065,30.539445900704298,114.35947841380403,30.538100088437403,6,540.0,257.5,非工作日,854.0,691.0,枫园14舍,武汉大学总务后勤部,148.0,314.0,学生宿舍,其他,4.0,2.0
18,114.34971391334268,30.52923605299769,114.35282833874099,30.52919344224341,6,331.8333333333333,134.33333333333334,非工作日,161.0,176.0,国际软件学院C3宿舍,南二门,74.0,60.0,学生宿舍,交通枢纽,6.0,0.0
17,114.35206664966076,30.529374733939672,114.35949293433566,30.53811032855856,6,1853.3333333333333,629.0,非工作日,174.0,691.0,南二门,武汉大学总务后勤部,60.0,314.0,交通枢纽,其他,0.0,2.0
23,114.36403159581324,30.539421042297857,114.35636898741693,30.53824438719659,6,1216.5,432.6666666666667,非工作日,854.0,617.0,枫园14舍,文理学部教5楼,148.0,135.0,学生宿舍,教学区域,4.0,6.0
53,114.36622121335675,30.534804552574005,114.35484565469243,30.53161721169944,6,1429.6666666666667,507.3333333333333,非工作日,470.0,252.0,珞东二门,武汉大学图书馆信息科学分馆,382.0,306.0,交通枢纽,教学区域,0.0,6.0
105,114.35294704550556,30.529196910617586,114.35243937760184,30.540400361837825,6,1461.3333333333333,423.6666666666667,非工作日,176.0,798.0,南二门,电子信息学院,60.0,391.0,交通枢纽,教学区域,0.0,6.0
86,114.35584300513256,30.527292611513882,114.35368732946334,30.54206803001237,6,2091.0,670.0,非工作日,44.0,824.0,南门,桂园3舍,67.0,161.0,交通枢纽,学生宿舍,0.0,4.0
98,114.35395779272473,30.531015926300352,114.36743978087031,30.540780164800395,6,2293.3333333333335,744.0,非工作日,249.0,868.0,信息学部4舍,武汉大学经济与管理学院,36.0,335.0,学生宿舍,教学区域,4.0,6.0
103,114.35286091546453,30.53002327807056,114.3632961998523,30.534716363928382,6,1616.0,571.3333333333334,非工作日,180.0,362.0,武汉大学信息部学生宿舍11舍,武汉大学北三区12栋,242.0,259.0,学生宿舍,教工宿舍,4.0,7.0
104,114.35624057905675,30.538265443754298,114.36420253832155,30.545027452569077,6,1647.3333333333333,667.5,非工作日,617.0,1188.0,文理学部教5楼,湖滨9舍,135.0,366.0,教学区域,学生宿舍,6.0,4.0
99,114.35395629841587,30.530970109986537,114.35657114309392,30.53733771774589,6,1203.6666666666667,403.6666666666667,非工作日,249.0,591.0,信息学部4舍,武汉大学总图书馆,36.0,315.0,学生宿舍,教学区域,4.0,6.0
89,114.35910914821625,30.538508232480073,114.35600448583246,30.527580109411527,6,1395.0,462.1666666666667,非工作日,690.0,44.0,梅园食堂,南门,169.0,67.0,食堂,交通枢纽,10.0,0.0
92,114.35869252991593,30.545080616694918,114.355313273748,30.527621630953735,6,2920.8333333333335,826.0,非工作日,1123.0,48.0,工学部学生7舍,南门,116.0,67.0,学生宿舍,交通枢纽,4.0,0.0
96,114.35945797971799,30.538021406639658,114.36074468462625,30.54407991334797,6,1262.3333333333333,379.6666666666667,非工作日,688.0,1114.0,梅园食堂,工学部6舍,169.0,106.0,食堂,学生宿舍,10.0,4.0
